Job ID,Job URL,Job Title,Company Name,Status,Timestamp,WP ID
ba032fa7fa26edc4,https://www.linkedin.com/jobs/view/2026/,"1,000+Senior Design Verification Engineer Jobs in United States",,failed|wp_post_failed,2026-07-07T02:25:05.818720,
944dd60c451068a6,https://ye.linkedin.com/jobs/view/aden-driver-ug-at-iom-un-migration-4435823048,Aden Driver - UG,IOM - UN Migration,posted,2026-07-07T02:26:25.737784,18
5e8b83b8105dcb6a,https://ye.linkedin.com/jobs/view/ga-supervisor-at-pt-sasa-inti-4431924661,GA Supervisor,,scraped,2026-07-07T02:26:28.223270,
88e398ca9798941e,https://ye.linkedin.com/jobs/view/al-mokha-driver-ug-at-iom-un-migration-4435808467,Al-Mokha Driver - UG,IOM - UN Migration,posted,2026-07-07T02:26:46.799934,20
ac4afed81c01bbcd,https://ye.linkedin.com/jobs/view/fsl-officer-aden-national-only-at-save-the-children-colombia-oficial-4436786807,FSL Officer (Aden - National Only),,scraped,2026-07-07T02:26:49.444245,
111e256464cdd502,https://ye.linkedin.com/jobs/view/fsl-officer-aden-national-only-at-save-the-children-international-4436373234,FSL Officer (Aden - National Only),Save the Children International,posted,2026-07-07T02:27:10.130627,22
758b1dbacfba1329,https://ye.linkedin.com/jobs/view/humanitarian-mine-action-officer-medic-3-positions-at-danish-refugee-council-dansk-flygtningehj%C3%A6lp-4436049512,Humanitarian Mine Action Officer- Medic (3 Positions),,scraped,2026-07-07T02:27:12.507993,
8dfd0edecf26f53c,https://ye.linkedin.com/jobs/view/head-of-programming-i-yemen-remote-at-catholic-relief-services-4435825857,"Head of Programming I, Yemen (Remote)",Catholic Relief Services,posted,2026-07-07T02:27:36.420143,24
c4d498f87fec440c,https://ye.linkedin.com/jobs/view/icla-and-protection-assistant-yemen-aden-at-norwegian-refugee-council-4437404671,ICLA and Protection Assistant Yemen Aden,,scraped,2026-07-07T02:27:39.234835,
cc78a63cb43979c4,https://ye.linkedin.com/jobs/view/ed-doctor-at-international-committee-of-the-red-cross-icrc-4435535017,ED Doctor,,scraped,2026-07-07T02:27:48.102264,
c7a549f1f73a7e6b,https://ye.linkedin.com/jobs/view/co-finance-coordinator-treasury-and-accounting-aden-national-only-at-save-the-children-international-4434277536,CO Finance Coordinator (Treasury and Accounting) - Aden (National Only),Save the Children International,posted,2026-07-07T02:28:06.486938,26
ca1a98b195d8f36f,https://ye.linkedin.com/jobs/view/lead-architect-at-bilfinger-middle-east-4434957887,Lead Architect,Bilfinger Middle East,posted,2026-07-07T02:28:19.308967,28
019b456057366725,https://ye.linkedin.com/jobs/view/lead-electrical-design-engineer-at-bilfinger-middle-east-4434955894,Lead Electrical Design Engineer,Bilfinger Middle East,posted,2026-07-07T02:29:35.894233,30
fbef8126b8ec6dd5,https://ye.linkedin.com/jobs/view/lead-mechanical-design-engineer-at-bilfinger-middle-east-4434961884,Lead Mechanical Design Engineer,Bilfinger Middle East,posted,2026-07-07T02:29:48.051819,32
03fb44a564bf98bc,https://ye.linkedin.com/jobs/view/senior-analyst-supply-analytics-bangkok-based-relocation-provided-at-agoda-4299772281,"Senior Analyst (Supply Analytics, Bangkok-based, Relocation provided)",Agoda,posted,2026-07-07T02:30:01.616569,34
e64a48347d2bc0bb,https://ye.linkedin.com/jobs/view/icla-and-protection-assistant-yemen-marib-at-norwegian-refugee-council-4437421025,ICLA and Protection Assistant Yemen Marib,,scraped,2026-07-07T02:30:03.985245,
1e87f879b9db2b5a,https://ye.linkedin.com/jobs/view/senior-analyst-supply-analytics-bangkok-based-relocation-provided-at-agoda-4299757936,"Senior Analyst (Supply Analytics, Bangkok-based, Relocation provided)",Agoda,posted,2026-07-07T02:30:16.567510,34
384cfd75b793b26b,https://ye.linkedin.com/jobs/view/senior-analyst-supply-analytics-bangkok-based-relocation-provided-at-agoda-4299767496,"Senior Analyst (Supply Analytics, Bangkok-based, Relocation provided)",Agoda,posted,2026-07-07T02:30:24.689824,34
c3c916fb547984a4,https://ye.linkedin.com/jobs/view/cleaner-at-danish-refugee-council-dansk-flygtningehj%C3%A6lp-4436539382,Cleaner,,scraped,2026-07-07T12:27:25.258632,
414cea2e252d19d6,https://ye.linkedin.com/jobs/view/icla-and-protection-officer-yemen-aden-at-norwegian-refugee-council-4437769245,ICLA and Protection Officer Yemen Aden,,scraped,2026-07-07T12:27:38.276840,
83fcce1fef49511a,https://ye.linkedin.com/jobs/view/associate-manager-customer-marketing-bangkok-based-relocation-provided-at-agoda-4410539445,"Associate Manager, Customer Marketing (Bangkok Based, Relocation Provided)",Agoda,posted,2026-07-07T12:28:13.476773,36
cf40be2a9a762d60,https://ye.linkedin.com/jobs/view/analyst-senior-analyst-associate-manager-marketing-analytics-bangkok-based-relocation-provided-at-agoda-4410544183,"Analyst/Senior Analyst/Associate Manager, Marketing Analytics (Bangkok Based, relocation provided)",Agoda,posted,2026-07-07T12:28:31.393783,38
77a1c776dfc9a084,https://ye.linkedin.com/jobs/view/analyst-senior-analyst-associate-manager-marketing-analytics-bangkok-based-relocation-provided-at-agoda-4410547109,"Analyst/Senior Analyst/Associate Manager, Marketing Analytics (Bangkok Based, relocation provided)",Agoda,posted,2026-07-07T12:28:43.858075,40
d587056c5b248f6e,https://ye.linkedin.com/jobs/view/communications-officer-at-world-food-programme-4437412976,Communications Officer,,scraped,2026-07-07T20:32:28.623363,
2d2eb25095d00174,https://ye.linkedin.com/jobs/view/packaging-development-specialist-at-pt-sasa-inti-4436730358,PACKAGING DEVELOPMENT SPECIALIST,,scraped,2026-07-07T20:32:35.980813,
725bfff1e916628a,https://ye.linkedin.com/jobs/view/country-director-at-relief-international-4437848097,Country Director,Relief International,posted,2026-07-07T20:32:52.038596,42
8525961651cf5d4f,https://ye.linkedin.com/jobs/view/deputy-country-director-at-relief-international-4437840622,Deputy Country Director,Relief International,posted,2026-07-07T20:33:01.775362,44
ac46ecce7bc520ba,https://ye.linkedin.com/jobs/view/%D9%85%D8%B4%D8%B1%D9%81-%D9%86%D8%B8%D8%A7%D9%81%D8%A9-at-merya-hotels-4434571499,مشرف نظافة,,scraped,2026-07-07T20:33:06.295243,
bdcc3c71a4ef7d65,https://ye.linkedin.com/jobs/view/aden-junior-fleet-assistant-ug-at-iom-un-migration-4435802922,Aden Junior Fleet Assistant - UG,IOM - UN Migration,posted,2026-07-07T20:33:24.525930,46
a72d9f843e7ffca4,https://ye.linkedin.com/jobs/view/economic-recovery-intern-2-positions-at-danish-refugee-council-dansk-flygtningehj%C3%A6lp-4436235009,Economic Recovery Intern (2 Positions),,scraped,2026-07-07T20:33:29.116310,
b1c5d7e19b13a3cf,https://ye.linkedin.com/jobs/view/advocacy-coordinator-at-danish-refugee-council-dansk-flygtningehj%C3%A6lp-4435226666,Advocacy Coordinator,,scraped,2026-07-07T20:33:36.992341,
33e2e2eb91f00a2a,https://ye.linkedin.com/jobs/view/country-director-at-relief-international-4437827238,Country Director,Relief International,posted,2026-07-07T20:33:46.105856,42
6badf6c05c0c4d86,https://ye.linkedin.com/jobs/view/economic-recovery-intern-at-danish-refugee-council-dansk-flygtningehj%C3%A6lp-4436231090,Economic Recovery Intern,,scraped,2026-07-07T20:33:48.674903,
403f28a2e97d4295,https://ye.linkedin.com/jobs/view/economic-recovery-intern-2-positions-at-danish-refugee-council-dansk-flygtningehj%C3%A6lp-4437725721,Economic Recovery Intern (2 Positions),,scraped,2026-07-07T20:33:54.951261,
8f143d384373a2a9,https://ye.linkedin.com/jobs/view/senior-analyst-app-marketing-bangkok-based-relocation-provided-at-agoda-4410530569,"Senior Analyst, App Marketing (Bangkok Based, Relocation Provided)",Agoda,posted,2026-07-07T20:34:11.879891,48
6b1ef489e70bb538,https://ye.linkedin.com/jobs/view/associate-manager-marketing-strategy-bangkok-based-relocation-provided-at-agoda-4410546493,"Associate Manager, Marketing Strategy (Bangkok Based, relocation provided)",Agoda,posted,2026-07-07T20:34:23.741078,50
c224efb83a20bae2,https://ye.linkedin.com/jobs/view/senior-analyst-app-marketing-bangkok-based-relocation-provided-at-agoda-4410540320,"Senior Analyst, App Marketing (Bangkok Based, Relocation Provided)",Agoda,posted,2026-07-07T20:34:31.306458,48
2f4c09b0d52ca9b6,https://ye.linkedin.com/jobs/view/lead-analyst-supply-analytics-bangkok-based-relocation-provided-at-agoda-4372116181,"Lead Analyst (Supply Analytics, Bangkok-based, Relocation provided)",Agoda,posted,2026-07-07T20:34:43.272791,52
64d4de48eb5ea92a,https://ye.linkedin.com/jobs/view/cleaner-at-drc-kenya-4437868947,Cleaner,,scraped,2026-07-08T07:18:12.416479,
92278fa670edf161,https://ye.linkedin.com/jobs/view/assistant-editor-reviewers-at-hassan-al-baiti-establishment-for-educational-consultations-and-student-services-4434567422,Assistant Editor & Reviewers,,scraped,2026-07-08T07:18:22.951227,
8f557aefa1703814,https://ye.linkedin.com/jobs/view/hse-officer%0Aregister-to-apply-at-ultrahire-4438122463,"HSE Officer
Register to Apply",,scraped,2026-07-08T07:18:33.230436,
a5249aa2b61213be,https://ye.linkedin.com/jobs/view/supply-chain-assistant-%E2%80%93-warehouse-at-international-rescue-committee-4437798429,Supply Chain Assistant – Warehouse,International Rescue Committee,posted,2026-07-08T07:18:56.438068,64
8f7e4fa4dda87aa4,https://ye.linkedin.com/jobs/view/humanitarian-mine-action-officer-medic-3-positions-at-drc-kenya-4437869862,Humanitarian Mine Action Officer- Medic (3 Positions),,scraped,2026-07-08T07:18:59.101907,
9de0dcd28a441ebe,https://ye.linkedin.com/jobs/view/economic-recovery-intern-2-positions-at-drc-kenya-4437876482,Economic Recovery Intern (2 Positions),,scraped,2026-07-08T07:19:12.062564,
cf7e30a677a2ece0,https://ye.linkedin.com/jobs/view/economic-recovery-intern-2-positions-at-drc-kenya-4437872654,Economic Recovery Intern (2 Positions),,scraped,2026-07-08T07:19:18.654075,
da17640daa93c775,https://ye.linkedin.com/jobs/view/economic-recovery-intern-at-drc-kenya-4437880391,Economic Recovery Intern,,scraped,2026-07-08T07:19:25.422829,
9d6170214ba41d3a,https://ye.linkedin.com/jobs/view/maintenance-staff-electrical-at-pt-sasa-inti-4438220152,Maintenance Staff (Electrical),,scraped,2026-07-08T13:19:48.191730,
6bd61a1382473bba,https://ye.linkedin.com/jobs/view/coordinador-de-planta-at-cemex-4426890495,COORDINADOR DE PLANTA,,scraped,2026-07-08T18:57:25.590267,
cad8f51cadae244b,https://ye.linkedin.com/jobs/view/protection-assistant-%E2%80%93-legal-aid-hlp-at-danish-refugee-council-dansk-flygtningehj%C3%A6lp-4437081031,Protection Assistant – Legal aid/HLP,,scraped,2026-07-08T18:57:44.620721,
c75012305135b002,https://ye.linkedin.com/jobs/view/icla-specialist-yemen-at-norwegian-refugee-council-4436350946,ICLA Specialist Yemen,,scraped,2026-07-08T23:45:01.874310,
8f0f7ab651ef990e,https://ye.linkedin.com/jobs/view/protection-assistant-%E2%80%93-legal-aid-hlp-at-drc-kenya-4438502752,Protection Assistant – Legal aid/HLP,,scraped,2026-07-08T23:45:13.168356,
279eba616ff12532,https://ye.linkedin.com/jobs/view/%D9%85%D9%88%D8%B8%D9%81-%D9%80%D8%A9-%D8%A7%D8%AA%D8%B5%D8%A7%D9%84%D8%A7%D8%AA-%D9%87%D8%A7%D8%AA%D9%81%D9%8A%D8%A9-call-center-at-%D8%B1%D9%8A%D9%81%D8%A7-riva-4436440821,موظف/ـة اتصالات هاتفية (Call Center),,scraped,2026-07-09T11:26:55.680650,
7576cac59890a1e6,https://ye.linkedin.com/jobs/view/administrative-assistant-at-fao-4434859467,Administrative Assistant,,scraped,2026-07-09T11:27:07.095413,
0e8838ce6845061d,https://ye.linkedin.com/jobs/view/vacancy-health-safety-environment-officer-at-mahati-industries-4438690503,"Vacancy: Health, Safety & Environment Officer",,scraped,2026-07-09T18:28:07.182875,
88a3f2eb8c77886e,https://ye.linkedin.com/jobs/view/sales-supervisor-b2b-at-pt-sasa-inti-4438213494,SALES SUPERVISOR - B2B,,scraped,2026-07-09T18:28:23.665455,
8c9dbe6cc7fd007c,https://ye.linkedin.com/jobs/view/economic-recovery-intern-2-positions-at-danish-refugee-council-dansk-flygtningehj%C3%A6lp-4437351352,Economic Recovery Intern (2 Positions),,scraped,2026-07-09T18:28:32.187866,
ac673a784d95dbcd,https://ye.linkedin.com/jobs/view/programme-coordinator-programme-support-unit-psu-p-at-iom-un-migration-4438651598,Programme Coordinator (Programme Support Unit (PSU)) (P),IOM - UN Migration,posted,2026-07-09T18:28:54.045833,66
c07d183e18df4077,https://ye.linkedin.com/jobs/view/deputy-country-director-at-relief-international-4437818764,Deputy Country Director,Relief International,posted,2026-07-09T18:28:58.873199,44
e144d4b8ff608d14,https://ye.linkedin.com/jobs/view/e-commerce-sales-specialist-at-qureos-4434580981,E-Commerce Sales Specialist,,scraped,2026-07-09T18:29:01.283315,
5166d7a4f8e3fd45,https://ye.linkedin.com/jobs/view/livelihood-officer-4434532029,Livelihood Officer,Intersos,posted,2026-07-09T18:29:19.050190,68
dfbd726bbecd3918,https://ye.linkedin.com/jobs/view/aden-information-and-communication-technology-assistant-ug-at-iom-un-migration-4437152446,Aden Information and Communication Technology Assistant - UG,IOM - UN Migration,posted,2026-07-09T23:56:06.746579,70
ff5e2e38c25a5292,https://ye.linkedin.com/jobs/view/advocacy-coordinator-at-reliefweb-4436472727,Advocacy Coordinator,ReliefWeb,posted,2026-07-09T23:56:20.089023,72
8ce4fb64f2fba575,https://ye.linkedin.com/jobs/view/buyer-2-800475-at-international-committee-of-the-red-cross-icrc-4435957637,Buyer 2 (800475),,scraped,2026-07-10T11:23:41.907240,
6b9fa8271d8d921e,https://ye.linkedin.com/jobs/view/%D9%85%D8%B5%D9%85%D9%85-%D8%AC%D8%B1%D8%A7%D9%81%D9%8A%D9%83-at-emara-academy-4435968447,مصمم جرافيك,Emara Academy,posted,2026-07-10T11:24:19.245133,74
6f8236932d7d7206,https://ye.linkedin.com/jobs/view/deputy-country-director-at-reliefweb-4438888906,Deputy Country Director,ReliefWeb,posted,2026-07-10T11:24:24.581391,44
9f18e083e704999a,https://ye.linkedin.com/jobs/view/plumbing-technician-position-at-it-address-4437911841,Plumbing Technician Position,,scraped,2026-07-10T11:24:27.028376,
d0e154ca9362e0b4,https://ye.linkedin.com/jobs/view/technician-maintenance-of-photocopiers-printers-and-money-counting-machines-at-it-address-4437927125,"Technician maintenance of photocopiers, printers and money counting machines",,scraped,2026-07-10T11:24:35.361205,
8bd227b6238699f8,https://ye.linkedin.com/jobs/view/country-manager-yemen-at-reliefweb-4439006300,Country Manager Yemen,ReliefWeb,posted,2026-07-10T11:24:53.795297,76
26de2e1fcbc53592,https://ye.linkedin.com/jobs/view/position-of-maintenance-and-installation-technician-for-surveillance-cameras-networks-telephone-extension-fire-alarm-at-it-address-4437921523,Position of maintenance and installation technician for surveillance cameras - networks - telephone extension - fire alarm.,,scraped,2026-07-10T11:24:58.216465,
8c09dc02af198d5b,https://ye.linkedin.com/jobs/view/nurse-practitioner-np-telemedicine-at-centers-health-care-4437329069,Nurse Practitioner (NP) Telemedicine,Centers Health Care,posted,2026-07-10T11:25:20.590184,78
833e605e38f4d92e,https://ye.linkedin.com/jobs/view/associate-manager-customer-marketing-bangkok-based-relocation-provided-at-agoda-4410545453,"Associate Manager, Customer Marketing (Bangkok Based, Relocation Provided)",Agoda,posted,2026-07-10T11:25:29.518777,36
d69e65ab8fcad0a5,https://ye.linkedin.com/jobs/view/national-animal-health-specialist-at-fao-4434848755,National Animal Health Specialist,,scraped,2026-07-10T11:25:32.200989,
fb0520bc6cc85b20,https://ye.linkedin.com/jobs/view/associate-manager-customer-marketing-bangkok-based-relocation-provided-at-agoda-4410536636,"Associate Manager, Customer Marketing (Bangkok Based, Relocation Provided)",Agoda,posted,2026-07-10T11:25:44.773398,36
71a6570611901cff,https://ye.linkedin.com/jobs/view/%D9%85%D8%B4%D8%B1%D9%81-%D8%AE%D8%AF%D9%85%D8%A9-%D8%B9%D9%85%D9%84%D8%A7%D8%A1-%D9%88%D9%85%D8%A8%D9%8A%D8%B9%D8%A7%D8%AA-at-emara-academy-4435978255,مشرف خدمة عملاء ومبيعات,Emara Academy,posted,2026-07-10T18:11:10.864084,80
68110b99b47d5e41,https://ye.linkedin.com/jobs/view/%D9%85%D8%AF%D8%B1%D8%A8-%D8%AE%D8%AF%D9%85%D8%A9-%D8%B9%D9%85%D9%84%D8%A7%D8%A1-%D8%A3%D8%AE%D8%B5%D8%A7%D8%A6%D9%8A-%D8%B6%D9%85%D8%A7%D9%86-%D8%AC%D9%88%D8%AF%D8%A9-at-emara-academy-4435968445,مدرب خدمة عملاء /أخصائي ضمان جودة,Emara Academy,posted,2026-07-10T18:11:31.310442,82
57762152d5364df5,https://ye.linkedin.com/jobs/view/qa-manual-tester-wfh-at-infospica-4439014240,QA Manual Tester (WFH),,scraped,2026-07-10T18:11:33.646621,
40cad40d50dd20c2,https://ye.linkedin.com/jobs/view/zij-instromer-lambrix-elektro-at-lambrix-elektro-4437953583,Zij-instromer - Lambrix Elektro,,scraped,2026-07-10T18:11:44.641130,
764f0c91f1ac4685,https://ye.linkedin.com/jobs/view/accountant-at-pi-flow-4435672340,Accountant,,scraped,2026-07-10T18:11:54.187399,
d9dc3cfe1ee0a43c,https://ye.linkedin.com/jobs/view/mechanical-engineer-trainee-at-mahati-industries-4438684784,Mechanical Engineer Trainee,,scraped,2026-07-10T18:12:02.460125,
0a040f1cfc6f6c93,https://ye.linkedin.com/jobs/view/nab%C3%ADdka-voln%C3%A9ho-slu%C5%BEebn%C3%ADho-m%C3%ADsta-odd%C4%9Blen%C3%AD-praha-rada-at-gener%C3%A1ln%C3%AD-inspekce-bezpe%C4%8Dnostn%C3%ADch-sbor%C5%AF-4438310944,Nabídka volného služebního místa - oddělení Praha - rada,Generální inspekce bezpečnostních sborů,posted,2026-07-10T18:12:25.526598,84
f8e02178c13c7c01,https://ye.linkedin.com/jobs/view/senior-analyst-associate-manager-marketing-strategy-bangkok-based-relocation-provided-at-agoda-4410545475,"Senior Analyst/ Associate Manager, Marketing Strategy (Bangkok based/ Relocation provided)",Agoda,posted,2026-07-10T18:12:44.351291,86
0e6e86149af2debd,https://ye.linkedin.com/jobs/view/electrical-engineer-trainee-at-mahati-industries-4438697371,Electrical Engineer Trainee,,scraped,2026-07-10T18:12:46.781286,
e8c27a748c4288ac,https://ye.linkedin.com/jobs/view/analyst-senior-analyst-associate-manager-marketing-analytics-bangkok-based-relocation-provided-at-agoda-4410533559,"Analyst/Senior Analyst/Associate Manager, Marketing Analytics (Bangkok Based, relocation provided)",Agoda,posted,2026-07-10T18:13:21.923004,88
669ea07ed72eaaf1,https://ye.linkedin.com/jobs/view/analyst-senior-analyst-b2b-digital-marketing-bangkok-based-relocation-provided-at-agoda-4420289369,"Analyst/Senior Analyst, B2B Digital Marketing (Bangkok Based, relocation provided)",Agoda,posted,2026-07-10T18:13:47.372609,90
cb3622b63d8703f8,https://ye.linkedin.com/jobs/view/associate-manager-marketing-strategy-bangkok-based-relocation-provided-at-agoda-4410539800,"Associate Manager, Marketing Strategy (Bangkok Based, relocation provided)",Agoda,posted,2026-07-10T23:33:49.507087,50
bf3347d87ffdf1e5,https://ye.linkedin.com/jobs/view/analyst-senior-analyst-b2b-digital-marketing-bangkok-based-relocation-provided-at-agoda-4420277713,"Analyst/Senior Analyst, B2B Digital Marketing (Bangkok Based, relocation provided)",Agoda,posted,2026-07-10T23:34:05.511433,92
b8ce166dfc9f6f09,https://ye.linkedin.com/jobs/view/senior-analyst-associate-manager-marketing-strategy-bangkok-based-relocation-provided-at-agoda-4410541444,"Senior Analyst/ Associate Manager, Marketing Strategy (Bangkok based/ Relocation provided)",Agoda,posted,2026-07-10T23:34:18.941714,94
60c279f2feef306e,https://ye.linkedin.com/jobs/view/associate-manager-marketing-strategy-bangkok-based-relocation-provided-at-agoda-4410539776,"Associate Manager, Marketing Strategy (Bangkok Based, relocation provided)",Agoda,posted,2026-07-10T23:34:26.775128,50
31d8b13ec24284f2,https://ye.linkedin.com/jobs/view/reinforced-carpentry-technician-at-bayat-al-manzel-real-estate-development-4439510066,Reinforced carpentry technician,,scraped,2026-07-11T07:23:27.066413,
21dde20c425be8e8,https://ye.linkedin.com/jobs/view/plumbing-technician-at-bayat-al-manzel-real-estate-development-4439398372,Plumbing Technician,,scraped,2026-07-11T07:23:36.434897,
2222e6226b0ef2c9,https://ye.linkedin.com/jobs/view/head-of-mission-yemen-at-reliefweb-4439010153,Head of Mission - Yemen,ReliefWeb,posted,2026-07-11T07:24:02.898035,96
62420b2032077b22,https://ye.linkedin.com/jobs/view/apply-for-crew-positions-solicitar-puestos-de-cuadrilla-at-saluda-hill-inc-4439529633,APPLY FOR CREW POSITIONS / SOLICITAR PUESTOS DE CUADRILLA,Saluda Hill Inc,posted,2026-07-11T11:50:27.562437,98
13540750d7e83d15,https://ye.linkedin.com/jobs/view/%D9%85%D8%B1%D8%A7%D8%AC%D8%B9-at-hassan-al-baiti-establishment-for-educational-consultations-and-student-services-4436660991,مراجع,,scraped,2026-07-11T15:34:59.351359,
a12c7f7bb11bbf84,https://ye.linkedin.com/jobs/view/%D8%A3%D8%B9%D9%84%D9%89-%D8%A7%D9%84%D9%88%D8%B8%D8%A7%D8%A6%D9%81-%D8%A3%D8%AC%D8%B1%D8%A7%D9%8B-%D9%81%D9%8A-%D8%A7%D9%84%D8%B9%D8%A7%D9%84%D9%85-%D8%AA%D8%B9%D8%B1%D9%81-%D8%B9%D9%84%D9%89-%D8%A7%D9%84%D8%AA%D9%81%D8%A7%D8%B5%D9%8A%D9%84-%D9%83%D8%A7%D9%85%D9%84%D8%A9-at-q8yusa-4439547278,أعلى الوظائف أجراً في العالم .. تعرف على التفاصيل كاملة,Q8YUSA,posted,2026-07-11T15:35:29.396529,100
ce1751d06241694d,https://ye.linkedin.com/jobs/view/senior-analyst-app-marketing-bangkok-based-relocation-provided-at-agoda-4410534573,"Senior Analyst, App Marketing (Bangkok Based, Relocation Provided)",Agoda,posted,2026-07-11T15:36:26.210809,48
eb462c286b00562a,https://ye.linkedin.com/jobs/view/business-development-manager-wholesale-jewelry-u-s-at-arizona-small-business-association-asba-4438932693,"Business Development Manager, Wholesale Jewelry (U.S.)",Arizona Small Business Association - ASBA,posted,2026-07-11T18:40:09.812645,102
b04160299d26809f,https://ye.linkedin.com/jobs/view/asesor-comercial-cpa-b-at-cemex-4417603752,ASESOR COMERCIAL CPA B,,scraped,2026-07-11T18:40:12.395833,
8d07f3a2ead09775,https://ye.linkedin.com/jobs/view/%D8%B4%D8%B1%D9%83%D8%A9-%D8%AF%D8%A7%D8%B1-%D8%A7%D9%84%D8%B9%D9%85%D8%A7%D8%AF-%D9%84%D9%84%D8%B5%D9%86%D8%A7%D8%B9%D8%A7%D8%AA-%D8%A7%D9%84%D8%AD%D8%AF%D9%8A%D8%AB%D8%A9-%D8%AA%D8%B9%D9%84%D9%86-%D9%88%D8%B8%D9%8A%D9%81%D8%A9-%D8%B4%D8%A7%D8%BA%D8%B1%D8%A9-at-ol-om-%D8%B9%D8%A7%D8%B4%D9%82-%D8%B9%D9%8F%D9%85%D8%A7%D9%86-4440392064,شركة دار العماد للصناعات الحديثة تعلن وظيفة شاغرة,ol.om - عاشق عُمان,failed|wp_post_failed,2026-07-14T07:22:11.432497,
4f1713eaa4ee6e30,https://ye.linkedin.com/jobs/view/%D9%88%D8%B1%D8%B4%D8%A9-%D9%85%D8%AA%D8%AE%D8%B5%D8%B5%D8%A9-%D8%AA%D8%B9%D9%84%D9%86-%D9%88%D8%B8%D9%8A%D9%81%D8%A9-%D8%B4%D8%A7%D8%BA%D8%B1%D8%A9-at-ol-om-%D8%B9%D8%A7%D8%B4%D9%82-%D8%B9%D9%8F%D9%85%D8%A7%D9%86-4440391058,ورشة متخصصة تعلن وظيفة شاغرة,ol.om - عاشق عُمان,failed|wp_post_failed,2026-07-14T07:22:21.893947,
6ef6cfd5c6e3e0b6,https://ye.linkedin.com/jobs/view/%D8%B5%D8%A7%D9%84%D9%88%D9%86-%D8%B9%D9%85%D9%8A%D8%B1%D8%A9-%D9%84%D9%84%D8%AA%D8%AC%D9%85%D9%8A%D9%84-%D9%8A%D8%B9%D9%84%D9%86-%D9%88%D8%B8%D9%8A%D9%81%D8%A9-%D8%B4%D8%A7%D8%BA%D8%B1%D8%A9-at-ol-om-%D8%B9%D8%A7%D8%B4%D9%82-%D8%B9%D9%8F%D9%85%D8%A7%D9%86-4440373657,صالون عميرة للتجميل يعلن وظيفة شاغرة,ol.om - عاشق عُمان,failed|wp_post_failed,2026-07-14T07:22:30.420798,
e826fd88acd6c8a2,https://ye.linkedin.com/jobs/view/%D8%A7%D9%84%D9%83%D9%84%D9%8A%D8%A9-%D8%A7%D9%84%D8%B9%D8%A7%D9%84%D9%85%D9%8A%D8%A9-%D9%84%D9%84%D9%87%D9%86%D8%AF%D8%B3%D8%A9-%D9%88%D8%A7%D9%84%D8%AA%D9%83%D9%86%D9%88%D9%84%D9%88%D8%AC%D9%8A%D8%A7-%D8%AA%D8%B9%D9%84%D9%86-%D9%88%D8%B8%D9%8A%D9%81%D8%A9-%D8%B4%D8%A7%D8%BA%D8%B1%D8%A9-at-ol-om-%D8%B9%D8%A7%D8%B4%D9%82-%D8%B9%D9%8F%D9%85%D8%A7%D9%86-4440382184,الكلية العالمية للهندسة والتكنولوجيا تعلن وظيفة شاغرة,ol.om - عاشق عُمان,failed|wp_post_failed,2026-07-14T07:22:39.028971,
8b792cd3a70a182f,https://ye.linkedin.com/jobs/view/%D8%B4%D8%B1%D9%83%D8%A9-%D8%A3%D8%B3-%D8%AA%D9%8A-%D8%AC%D9%8A-%D8%AA%D8%B9%D9%84%D9%86-%D9%88%D8%B8%D9%8A%D9%81%D8%A9-%D8%B4%D8%A7%D8%BA%D8%B1%D8%A9-at-ol-om-%D8%B9%D8%A7%D8%B4%D9%82-%D8%B9%D9%8F%D9%85%D8%A7%D9%86-4440384181,شركة أس تي جي تعلن وظيفة شاغرة,ol.om - عاشق عُمان,failed|wp_post_failed,2026-07-14T07:22:47.512937,
ca8da65bfe907c02,https://ye.linkedin.com/jobs/view/%D8%B4%D8%B1%D9%83%D8%A9-%D8%A7%D9%84%D8%B4%D8%B1%D9%82-%D8%A7%D9%84%D8%A3%D9%88%D8%B3%D8%B7-%D9%84%D8%AD%D9%84%D9%88%D9%84-%D8%A7%D9%84%D9%85%D9%88%D8%A7%D8%B1%D8%AF-%D8%A7%D9%84%D8%A8%D8%B4%D8%B1%D9%8A%D8%A9-%D8%AA%D8%B9%D9%84%D9%86-%D9%88%D8%B8%D9%8A%D9%81%D8%A9-%D8%B4%D8%A7%D8%BA%D8%B1%D8%A9-at-ol-om-%D8%B9%D8%A7%D8%B4%D9%82-%D8%B9%D9%8F%D9%85%D8%A7%D9%86-4440385247,شركة الشرق الأوسط لحلول الموارد البشرية تعلن وظيفة شاغرة,ol.om - عاشق عُمان,failed|wp_post_failed,2026-07-14T07:22:59.986335,
32a7448200b83abf,https://ye.linkedin.com/jobs/view/%D8%A3%D8%AE%D8%B5%D8%A7%D8%A6%D9%8A-%D8%B9%D9%85%D9%84%D9%8A%D8%A7%D8%AA-%D8%A7%D9%84%D9%85%D8%AD%D8%AA%D9%88%D9%89-%D9%88%D8%B5%D9%86%D8%A7%D8%B9-%D8%A7%D9%84%D9%85%D8%AD%D8%AA%D9%88%D9%89-%E2%80%93-content-operations-specialist-at-ugceer-4439719442,أخصائي عمليات المحتوى وصناع المحتوى – Content Operations Specialist,Ugceer,failed|wp_post_failed,2026-07-14T07:23:12.639223,
f0b7f8964d63fa4d,https://ye.linkedin.com/jobs/view/program-manager-health-and-nutrition-at-relief-international-4440391850,Program Manager (Health and Nutrition),Relief International,failed|wp_post_failed,2026-07-14T07:23:21.402416,
96d091038c5eaaca,https://ye.linkedin.com/jobs/view/%D8%A3%D8%AE%D8%B5%D8%A7%D8%A6%D9%8A-%D8%AA%D8%B3%D9%88%D9%8A%D9%82-%D8%B1%D9%82%D9%85%D9%8A-at-emara-academy-4435971396,أخصائي تسويق رقمي,Emara Academy,failed|wp_post_failed,2026-07-14T07:23:30.164962,
b959cdda36e9f51f,https://ye.linkedin.com/jobs/view/social-media-content-creator-at-milliesquest-net-arabic-3778210119,Social Media Content Creator,,scraped,2026-07-14T07:23:36.823284,
5cfd7b6f516b184c,https://ye.linkedin.com/jobs/view/studentische-hilfskr%C3%A4fte-at-institute-of-high-frequency-technology-ihf-of-the-rwth-aachen-university-4439133806,Studentische Hilfskräfte,,scraped,2026-07-14T07:23:46.951039,
69bb304b3147d01d,https://ye.linkedin.com/jobs/view/branch-supervisor-at-furn-aldayaa-i-%D9%81%D8%B1%D9%86-%D8%A7%D9%84%D8%B6%D9%8A%D8%B9%D8%A9%E2%80%8F-4439468733,Branch Supervisor,,scraped,2026-07-14T07:23:54.040889,
cc82bef59193de9c,https://ye.linkedin.com/jobs/view/%D9%85%D8%B9%D9%87%D8%AF-%D8%A7%D9%84%D8%B4%D8%B1%D9%82-%D8%A7%D9%84%D8%A3%D9%88%D8%B3%D8%B7-%D9%84%D9%84%D8%AA%D8%AF%D8%B1%D9%8A%D8%A8-%D9%8A%D8%B9%D9%84%D9%86-%D9%88%D8%B8%D9%8A%D9%81%D8%A9-%D8%B4%D8%A7%D8%BA%D8%B1%D8%A9-at-ol-om-%D8%B9%D8%A7%D8%B4%D9%82-%D8%B9%D9%8F%D9%85%D8%A7%D9%86-4440375537,معهد الشرق الأوسط للتدريب يعلن وظيفة شاغرة,ol.om - عاشق عُمان,failed|wp_post_failed,2026-07-14T07:24:14.707215,
4c57e62875f96039,https://ye.linkedin.com/jobs/view/%D9%85%D8%B3%D9%88%D9%82-%D8%B1%D9%82%D9%85%D9%8A-at-wincod-%D9%88%D9%86-%D9%83%D9%88%D8%AF-4439706169,مسوق رقمي,,scraped,2026-07-14T07:24:17.245751,
272825c528412561,https://ye.linkedin.com/jobs/view/meal-intern-2-positions-at-danish-refugee-council-dansk-flygtningehj%C3%A6lp-4439445004,MEAL Intern (2 Positions),,scraped,2026-07-14T07:24:23.590511,
b44f2fbd02c2f046,https://ye.linkedin.com/jobs/view/%D9%83%D9%84%D9%8A%D8%A9-%D8%A7%D9%84%D8%A8%D9%8A%D8%A7%D9%86-%D8%AA%D8%B9%D9%84%D9%86-%D9%88%D8%B8%D8%A7%D8%A6%D9%81-%D8%B4%D8%A7%D8%BA%D8%B1%D8%A9-at-ol-om-%D8%B9%D8%A7%D8%B4%D9%82-%D8%B9%D9%8F%D9%85%D8%A7%D9%86-4440386078,كلية البيان تعلن وظائف شاغرة,ol.om - عاشق عُمان,failed|wp_post_failed,2026-07-14T07:24:36.732277,
d0cbedb70d25d5d0,https://ye.linkedin.com/jobs/view/%D8%A7%D9%84%D8%A8%D8%B1%D9%86%D8%A7%D9%85%D8%AC-%D8%A7%D9%84%D9%88%D8%B7%D9%86%D9%8A-%D9%84%D8%AA%D9%86%D9%85%D9%8A%D8%A9-%D8%A7%D9%84%D9%82%D8%B7%D8%A7%D8%B9-%D8%A7%D9%84%D8%AE%D8%A7%D8%B5-%D9%88%D8%A7%D9%84%D8%AA%D8%AC%D8%A7%D8%B1%D8%A9-%D8%A7%D9%84%D8%AE%D8%A7%D8%B1%D8%AC%D9%8A%D8%A9-%D9%86%D8%B2%D8%AF%D9%87%D8%B1-%D9%8A%D8%B9%D9%84%D9%86-%D9%88%D8%B8%D8%A7%D8%A6%D9%81-%D8%B4%D8%A7%D8%BA%D8%B1%D8%A9-at-ol-om-%D8%B9%D8%A7%D8%B4%D9%82-%D8%B9%D9%8F%D9%85%D8%A7%D9%86-4440385114,البرنامج الوطني لتنمية القطاع الخاص والتجارة الخارجية (نزدهر) يعلن وظائف شاغرة,ol.om - عاشق عُمان,failed|wp_post_failed,2026-07-14T07:24:47.764201,
3afd0b497ff0d328,https://ye.linkedin.com/jobs/view/meal-assistant-national-only-at-save-the-children-colombia-oficial-4439767096,MEAL Assistant - National Only,,scraped,2026-07-14T07:24:50.443806,
61aa5fddfc664cad,https://ye.linkedin.com/jobs/view/human-resources-manager-at-relief-international-4440388940,Human Resources Manager,Relief International,failed|wp_post_failed,2026-07-14T07:25:04.681348,
21a5a33b5285a8dc,https://ye.linkedin.com/jobs/view/electrical-and-generator-maintenance-technician-job-at-it-address-4437905931,Electrical and Generator Maintenance Technician Job.,,scraped,2026-07-14T07:25:13.104970,
d9cac45b7b6007ed,https://ye.linkedin.com/jobs/view/%D8%B4%D8%B1%D9%83%D8%A9-%D8%B3%D8%A7%D9%86%D9%83%D9%8A%D9%88-%E2%80%93-%D9%81%D8%B1%D8%B9-%D8%A7%D9%84%D8%AF%D9%82%D9%85-%D8%AA%D8%B9%D9%84%D9%86-%D9%81%D8%B1%D8%B5%D8%AA%D9%8A%D9%86-%D8%AA%D8%AF%D8%B1%D9%8A%D8%A8%D9%8A%D8%AA%D9%8A%D9%86-at-ol-om-%D8%B9%D8%A7%D8%B4%D9%82-%D8%B9%D9%8F%D9%85%D8%A7%D9%86-4440378317,شركة سانكيو – فرع الدقم تعلن فرصتين تدريبيتين,ol.om - عاشق عُمان,failed|wp_post_failed,2026-07-14T07:25:27.693042,
97a7b26c33776482,https://ye.linkedin.com/jobs/view/%D9%85%D8%B7%D9%88%D8%B1-%D9%88%D9%8A%D8%A8-%D8%AE%D9%84%D9%81%D9%8A-php-laravel-at-wincod-%D9%88%D9%86-%D9%83%D9%88%D8%AF-4439703299,مطور ويب خلفي (PHP/Laravel),,scraped,2026-07-14T07:25:34.226875,
ba96ac9ae0660a5c,https://ye.linkedin.com/jobs/view/jurn-at-evolve-model-4441774537,JURN,,scraped,2026-07-21T07:58:36.617164,
6b95c5b9fe953472,https://ye.linkedin.com/jobs/view/maris-computer-gmbh-at-wireg-mbh-4438762276,MARIS Computer GmbH,,scraped,2026-07-21T07:58:43.097728,
9966de38ccc587d6,https://ye.linkedin.com/jobs/view/qa-manager-at-natix-sa-4438760922,QA Manager,,scraped,2026-07-21T07:58:50.095336,
241ff142187d6c09,https://ye.linkedin.com/jobs/view/quality-assurance-qa-at-codediva-4441345496,Quality Assurance (QA),,scraped,2026-07-21T07:58:57.378543,
f20362f62b4ec743,https://ye.linkedin.com/jobs/view/bolet%C3%ADn-no-37-%E2%80%93-agencia-de-empleo-2026-at-caja-de-compensaci%C3%B3n-familiar-del-amazonas-4441727506,"Boletín No. 37 – Agencia de Empleo, 2026",Caja De Compensación Familiar Del Amazonas,posted,2026-07-21T07:59:15.023341,104
56f47b964754ba76,https://ye.linkedin.com/jobs/view/bolet%C3%ADn-no-34-%E2%80%93-agencia-de-empleo-2026-at-caja-de-compensaci%C3%B3n-familiar-del-amazonas-4441723756,"Boletín No. 34 – Agencia de Empleo, 2026",Caja De Compensación Familiar Del Amazonas,posted,2026-07-21T07:59:24.483143,106
9ab572ec7750013c,https://ye.linkedin.com/jobs/view/buyer-2-800475-at-international-committee-of-the-red-cross-icrc-4438792664,Buyer 2 (800475),,scraped,2026-07-21T07:59:26.947349,
0f9832a9d85a6343,https://ye.linkedin.com/jobs/view/housekeepers-team-leader-at-international-committee-of-the-red-cross-icrc-4440426445,Housekeepers Team Leader,,scraped,2026-07-21T07:59:34.444188,
d70ab523d4c83a6d,https://ye.linkedin.com/jobs/view/training-delivery-specialist-at-bae-systems-4440590969,Training Delivery Specialist,,scraped,2026-07-21T07:59:41.722401,
734aac6d159aed01,https://ye.linkedin.com/jobs/view/utility-operator-%E2%80%93-mobile-service-division-at-jay-industrial-repair-4442193185,UTILITY OPERATOR – MOBILE SERVICE DIVISION,Jay Industrial Repair,posted,2026-07-21T07:59:54.400760,108
93ed02d403e8a50e,https://ye.linkedin.com/jobs/view/procurement-engineer-at-bae-systems-4441237122,Procurement Engineer,,scraped,2026-07-21T07:59:56.977970,
3fe95d2ad21443f9,https://ye.linkedin.com/jobs/view/meal-assistant-national-only-at-save-the-children-international-4439733061,MEAL Assistant - National Only,,scraped,2026-07-21T08:00:03.297281,
8a1abb4511b514a4,https://ye.linkedin.com/jobs/view/finance-assistants-national-only-at-save-the-children-international-4439717726,Finance Assistants - National Only,,scraped,2026-07-21T08:00:09.998297,
5ec27369a4c7cd4a,https://ye.linkedin.com/jobs/view/programme-analyst-climate-change-water-energy-environment-open-to-internal-and-external-applicants-at-undp-careers-4441249619,"Programme Analyst Climate Change, Water, Energy & Environment [Open to internal and external applicants]",UNDP Careers,posted,2026-07-21T08:00:23.922741,110
eba7d3d1c8192c3b,https://ye.linkedin.com/jobs/view/regional-cdl-a-truck-driver-at-central-oregon-truck-company-4442721198,Regional CDL-A Truck Driver,Central Oregon Truck Company,posted,2026-07-21T08:00:33.534194,112
a902fe7e5a6f13e8,https://ye.linkedin.com/jobs/view/il-benessere-organizzativo-in-azione-definizione-metodi-e-strategie-per-implementarlo-in-organizzazione-at-ecm-manager-4441776506,"Il benessere organizzativo in azione: definizione, metodi e strategie per implementarlo in organizzazione",,scraped,2026-07-21T08:00:36.099794,
21645b0c1c322958,https://ye.linkedin.com/jobs/view/il-benessere-organizzativo-in-azione-elementi-e-strategie-avanzate-at-ecm-manager-4441780398,Il benessere organizzativo in azione: elementi e strategie avanzate,,scraped,2026-07-21T08:00:43.942950,
bb6dec488f93de83,https://ye.linkedin.com/jobs/view/conoscenza-protezione-e-consumo-del-suolo-la-nuova-direttiva-europea-su-monitoraggio-del-suolo-e-siti-contaminati-at-ecm-manager-4441786175,"CONOSCENZA, PROTEZIONE E CONSUMO DEL SUOLO. La nuova Direttiva europea su monitoraggio del suolo e siti contaminati",,scraped,2026-07-21T08:00:51.470529,
daa1302378962779,https://ye.linkedin.com/jobs/view/lo-stress-nel-panorama-giuridico-at-ecm-manager-4441788061,Lo stress nel panorama giuridico,,scraped,2026-07-21T08:00:59.062907,
f73cfa6e955c7118,https://ye.linkedin.com/jobs/view/promo-30-crediti-ecm-2026-at-ecm-manager-4441778418,Promo - 30 crediti ECM - 2026,,scraped,2026-07-21T08:01:07.893615,
f96d143ebd86b2a4,https://ye.linkedin.com/jobs/view/ausbildung-zum-steuerfachangestellten-m-w-d-at-alltax-gmbh-4440574861,Ausbildung zum Steuerfachangestellten (m/w/d),alltax,posted,2026-07-21T08:01:25.437180,114
75bbff280bbf1d50,https://ye.linkedin.com/jobs/view/plastic-surgeon-ert-roster-position-at-reliefweb-4442127992,Plastic Surgeon ERT - ROSTER POSITION,ReliefWeb,posted,2026-07-21T08:01:34.084281,116
60a701c24a090f79,https://ye.linkedin.com/jobs/view/dws-maintenance-engineer-eica-at-pennon-group-plc-4442087759,DWS Maintenance Engineer (EICA),,scraped,2026-07-21T08:01:36.528077,
441d01efaa857224,https://ye.linkedin.com/jobs/view/dws-maintenance-engineer-eica-at-south-west-water-4440158854,DWS Maintenance Engineer (EICA),,scraped,2026-07-21T08:01:43.182824,
a9bd59578deb3e3f,https://ye.linkedin.com/jobs/view/gestione-e-marketing-dei-servizi-crm-siti-web-e-tendenze-digitali-at-ecm-manager-4441789040,"Gestione e marketing dei servizi: CRM, siti web e tendenze digitali",,scraped,2026-07-21T08:01:50.234906,
65ee92458871efa2,https://ye.linkedin.com/jobs/view/motor-winder-%E2%80%93-birmingham-at-jay-industrial-repair-4443348628,MOTOR WINDER – BIRMINGHAM,Jay Industrial Repair,posted,2026-07-28T08:08:25.353785,118
29c760903127ce1a,https://ye.linkedin.com/jobs/view/corporate-arabic-and-english-trainer-at-gofluent-4443834108,Corporate Arabic and English Trainer,,scraped,2026-07-28T08:08:27.943266,
dfbe9ebc2837f604,https://ye.linkedin.com/jobs/view/grants-management-specialist-readvertised-at-drc-kenya-4444424311,Grants Management Specialist - Readvertised,,scraped,2026-07-28T08:08:36.340496,
77b2ed01202c8389,https://ye.linkedin.com/jobs/view/corporate-arabic-and-english-trainer-at-gofluent-4444255785,Corporate Arabic and English Trainer,,scraped,2026-07-28T08:08:45.008708,
4d3288de2863bd36,https://ye.linkedin.com/jobs/view/enumerators-volunteer-hodeidah-hays-national-only-at-save-the-children-colombia-oficial-4445935074,Enumerators (Volunteer) - Hodeidah (Hays) - National Only,,scraped,2026-07-28T08:08:53.505114,
9a6481137e6920cf,https://ye.linkedin.com/jobs/view/enumerators-volunteer-hodeidah-hays-national-only-at-save-the-children-international-4445923633,Enumerators (Volunteer) - Hodeidah (Hays) - National Only,,scraped,2026-07-28T08:09:01.179610,
82ac9f3fbfb2bb78,https://ye.linkedin.com/jobs/view/enumerators-volunteer-aden-national-only-at-save-the-children-international-4445900715,Enumerators (Volunteer) Aden - National Only,,scraped,2026-07-28T08:09:07.867986,
16343cbe9b0ab65c,https://ye.linkedin.com/jobs/view/grants-management-specialist-readvertised-at-danish-refugee-council-dansk-flygtningehj%C3%A6lp-4443830397,Grants Management Specialist - Readvertised,,scraped,2026-07-28T08:09:14.518992,
15a061d8bf494b14,https://ye.linkedin.com/jobs/view/icla-officer-at-yemen-shortlist-4446117765,ICLA Officer,,scraped,2026-07-28T08:09:21.852680,
6ecaa90937254963,https://ye.linkedin.com/jobs/view/icla-officer-yemen-hodeidah-open-for-national-at-norwegian-refugee-council-4445912511,ICLA Officer Yemen Hodeidah (Open for National),,scraped,2026-07-28T08:09:29.101386,
9ef896ac1651769f,https://ye.linkedin.com/jobs/view/greenhouse-technician-at-al-mutawa-son-s-group-4445192535,Greenhouse Technician,,scraped,2026-07-28T08:09:36.547428,
b3df07aa4a77757e,https://ye.linkedin.com/jobs/view/%D8%B4%D9%85%D8%B1-%D8%AD%D8%A8-at-bohar-mix-%D8%A8%D9%87%D8%A7%D8%B1-%D9%85%D9%90%D9%83%D8%B3-4445150962,شمر حب,,scraped,2026-07-28T08:09:43.833772,
f51712039fe0a375,https://ye.linkedin.com/jobs/view/protection-officer-at-danish-refugee-council-dansk-flygtningehj%C3%A6lp-4444840915,Protection Officer,,scraped,2026-07-28T08:09:51.479770,
82f96980a60112ba,https://ye.linkedin.com/jobs/view/inclusion-officer-at-%D8%A8%D8%A7%D8%A8-%D8%A7%D9%84%D9%8A%D9%85%D9%86-%D9%88%D8%B8%D8%A7%D8%A6%D9%81-%D9%88%D9%81%D8%B1%D8%B5-%D9%84%D9%84%D9%8A%D9%85%D9%86%D9%8A%D9%8A%D9%86-4445999933,Inclusion Officer,باب اليمن: وظائف وفرص لليمنيين,posted,2026-07-28T08:10:09.102586,120
4a57902fc32df691,https://ye.linkedin.com/jobs/view/%D8%A8%D9%87%D8%A7%D8%B1%D8%A7%D8%AA-%D8%AD%D8%A7%D8%B1%D8%A9-fire-attack-at-bohar-mix-%D8%A8%D9%87%D8%A7%D8%B1-%D9%85%D9%90%D9%83%D8%B3-4445164826,بهارات حارة Fire Attack,,scraped,2026-07-28T08:10:11.923909,
7d539334503d251e,https://ye.linkedin.com/jobs/view/%D8%B3%D9%85%D8%B3%D9%85-%D9%85%D8%AD%D9%85%D8%B5-at-bohar-mix-%D8%A8%D9%87%D8%A7%D8%B1-%D9%85%D9%90%D9%83%D8%B3-4445157867,سمسم محمص,,scraped,2026-07-28T08:10:18.484631,
7b8b5beae2970420,https://ye.linkedin.com/jobs/view/accordion-%231-at-extraweb-parma-srl-4442831436,Accordion #1,,scraped,2026-07-28T08:10:25.279766,
290324ddee6bc2da,https://ye.linkedin.com/jobs/view/%D8%B4%D9%85%D8%B1-%D9%85%D8%B7%D8%AD%D9%88%D9%86-at-bohar-mix-%D8%A8%D9%87%D8%A7%D8%B1-%D9%85%D9%90%D9%83%D8%B3-4445155916,شمر مطحون,,scraped,2026-07-28T08:10:32.999501,
668c48ef105f9042,https://ye.linkedin.com/jobs/view/%D8%B4%D8%B1%D9%8A%D8%AD%D8%A9-%D8%A7%D9%86%D8%AA%D8%B1%D9%86%D8%AA-%D8%B1%D9%82%D9%85%D9%8A%D8%A9-%D9%84%D9%84%D8%AF%D9%88%D9%84-%D8%A7%D9%84%D8%A7%D9%88%D8%B1%D9%88%D8%A8%D9%8A%D8%A9-at-%D8%A7%D8%AE%D8%AA%D9%8A%D8%A7%D8%B1%D8%A7%D8%AA-%D8%A7%D9%84%D9%85%D8%B3%D8%A7%D9%81%D8%B1-4445670862,شريحة انترنت رقمية للدول الاوروبية,اختيارات المسافر,posted,2026-07-28T08:10:47.950974,122
cf0516472c73bc61,https://ye.linkedin.com/jobs/view/think-through-math-at-nidup-4445637667,Think Through Math,nidup,posted,2026-07-28T08:10:57.852030,124
a0e34073455dbb88,https://ye.linkedin.com/jobs/view/we-want-you%21-at-%F0%9D%9A%82%F0%9D%9A%99%F0%9D%9A%98%F0%9D%9A%9B%F0%9D%9A%9D%F0%9D%9F%BC%F0%9D%9F%BB-%F0%9D%91%BB%F0%9D%92%89%F0%9D%92%86-%F0%9D%91%AF%F0%9D%92%86%F0%9D%92%82%F0%9D%92%85%F0%9D%92%92%F0%9D%92%96%F0%9D%92%82%F0%9D%92%93%F0%9D%92%95%F0%9D%92%86%F0%9D%92%93-%F0%9D%92%90%F0%9D%92%87-%F0%9D%91%AD%F0%9D%92%96%F0%9D%92%8F-4444246274,We want you!,𝚂𝚙𝚘𝚛𝚝𝟼𝟻 - 𝑻𝒉𝒆 𝑯𝒆𝒂𝒅𝒒𝒖𝒂𝒓𝒕𝒆𝒓 𝒐𝒇 𝑭𝒖𝒏,posted,2026-07-28T08:11:08.301171,126
a2b922e9f78967cf,https://ye.linkedin.com/jobs/view/faq-at-emmi-desserts-uk-4442811216,FAQ,Emmi Desserts UK,posted,2026-07-28T08:11:17.971200,128
ea088d592182fea2,https://ye.linkedin.com/jobs/view/pest-aid-at-al-mutawa-son-s-group-4445180616,Pest Aid,,scraped,2026-07-28T08:11:20.505619,
36c3637caa73cfda,https://ye.linkedin.com/jobs/view/safety-officer-at-tafawul-future-company-for-trading-contracting-llc-4443355960,SAFETY OFFICER,,scraped,2026-07-28T08:11:27.355090,
50e4bd62f035b652,https://ye.linkedin.com/jobs/view/%D8%AA%D8%A7%D8%B1%D9%8A%D8%AE-%D8%A7%D9%84%D8%A8%D9%83%D8%A7%D8%A1-at-page-seven-publishing-house-4445421304,تاريخ البكاء,,scraped,2026-07-28T08:11:35.902947,
be4f58df5cf66ad2,https://ye.linkedin.com/jobs/view/%D8%A7%D9%84%D8%A8%D9%87%D8%A7%D8%B1%D8%A7%D8%AA-%D8%A7%D9%84%D8%A8%D9%8A%D8%B6%D8%A7%D8%A1-at-bohar-mix-%D8%A8%D9%87%D8%A7%D8%B1-%D9%85%D9%90%D9%83%D8%B3-4445152901,البهارات البيضاء,,scraped,2026-07-28T08:11:42.082655,
ce85f7572e09a9ff,https://ye.linkedin.com/jobs/view/copyright-tutti-i-diritti-riservati-at-extraweb-parma-srl-4442847378,Copyright. Tutti i diritti riservati,,scraped,2026-07-28T08:11:48.506342,
e8147a721e50669b,https://ye.linkedin.com/jobs/view/parameswaran-v-vaidyanathan-at-beer-city-code-4447963940,PARAMESWARAN V VAIDYANATHAN,Beer City Code,posted,2026-08-04T08:11:27.202262,130
52070b6025008f82,https://ye.linkedin.com/jobs/view/careers-faq-at-biodyne-co-ltd-4447711256,Careers FAQ,"Biodyne Co., Ltd.",posted,2026-08-04T08:11:37.279913,132
4abd6c66fa7ab274,https://ye.linkedin.com/jobs/view/managing-director-at-center-for-guardianship-certification-cgc-4447422284,Managing director,Center for Guardianship Certification (CGC),posted,2026-08-04T08:11:47.234077,134
85cd4a717d2ee0bb,https://ye.linkedin.com/jobs/view/xander-annora-at-virtual-pulse-llc-4448825573,Xander Annora,Virtual Pulse LLC,posted,2026-08-04T08:11:57.262944,136
3bb3759b9e07a825,https://ye.linkedin.com/jobs/view/archer-fox-at-virtual-pulse-llc-4448818730,Archer Fox,Virtual Pulse LLC,posted,2026-08-04T08:12:07.519700,138
54b99019112b11a3,https://ye.linkedin.com/jobs/view/utility-operator-%E2%80%93-mobile-service-division-at-jay-industrial-repair-4446509429,UTILITY OPERATOR – MOBILE SERVICE DIVISION,Jay Industrial Repair,posted,2026-08-04T08:12:12.434559,108
ad7d50c5df33f7af,https://ye.linkedin.com/jobs/view/%D8%A7%D9%86%D8%B6%D9%85-%D8%A5%D9%84%D9%89-%D9%82%D9%86%D8%A7%D8%AA%D9%86%D8%A7-%D8%B9%D9%84%D9%89-%D8%AA%D9%8A%D9%84%D9%8A%D8%BA%D8%B1%D8%A7%D9%85-at-horan-foundation-hf-4443657920,انضم إلى قناتنا على تيليغرام,,scraped,2026-08-04T08:12:14.915320,
f9d0b5160dca8261,https://ye.linkedin.com/jobs/view/national-project-specialist-open-to-internal-external-applicants-at-undp-careers-4448120283,National Project Specialist (Open to Internal & External Applicants),UNDP Careers,posted,2026-08-04T08:12:31.958599,140
920c37965139b34c,https://ye.linkedin.com/jobs/view/gender-analyst-open-to-internal-external-applicants-at-undp-careers-4448100701,Gender Analyst (Open to Internal & External Applicants),UNDP Careers,posted,2026-08-04T08:12:41.851037,142
3b53bf24aa4b0568,https://ye.linkedin.com/jobs/view/deputy-chief-of-party-at-danish-refugee-council-dansk-flygtningehj%C3%A6lp-4446415441,Deputy Chief of Party,,scraped,2026-08-04T08:12:44.424181,
2452443300d7b8a2,https://ye.linkedin.com/jobs/view/%D9%85%D9%87%D9%86%D8%AF%D8%B3-%D9%85%D8%AF%D9%86%D9%8A-at-mfaheem-cairo-4447265150,مهندس مدني,,scraped,2026-08-04T08:12:51.345921,
3c86583205b8799c,https://ye.linkedin.com/jobs/view/senior-analyst-associate-manager-marketing-strategy-bangkok-based-relocation-provided-at-agoda-4410532784,"Senior Analyst/ Associate Manager, Marketing Strategy (Bangkok based/ Relocation provided)",Agoda,posted,2026-08-04T08:13:09.769916,144
e5e9ae92d6b4d198,https://ye.linkedin.com/jobs/view/%D8%B4%D8%B1%D8%A7%D8%A1-%D8%A3%D8%B4%D8%AC%D8%A7%D8%B1-%D9%88%D9%85%D8%B3%D8%AA%D9%84%D8%B2%D9%85%D8%A7%D8%AA-%D8%AA%D8%B4%D8%AC%D9%8A%D8%B1-%D8%A3%D8%AF%D9%88%D8%A7%D8%AA-at-analysis-and-strategic-studies-organization-asso-4447019256,شراء أشجار ومستلزمات تشجير (أدوات),,scraped,2026-08-04T08:13:14.297383,
0c3d305debc42afe,https://ye.linkedin.com/jobs/view/%D9%85%D9%87%D9%86%D8%AF%D8%B3-%D9%83%D9%87%D8%B1%D8%A8%D8%A7%D8%A1-at-mfaheem-cairo-4447277053,مهندس كهرباء,,scraped,2026-08-04T08:13:21.093980,
2d445f42bd495d12,https://ye.linkedin.com/jobs/view/mechanical-technician-jobs-in-oman-at-ottco-at-ejobsboard-4447993412,Mechanical Technician Jobs in Oman at OTTCO,Ejobsboard,posted,2026-08-04T08:13:34.767373,146
23e10ac27c00be87,https://ye.linkedin.com/jobs/view/mechanical-supervisor-jobs-in-oman-at-oman-tank-terminal-co-ottco-at-ejobsboard-4447981669,Mechanical Supervisor Jobs in Oman at Oman Tank Terminal Co. (OTTCO),Ejobsboard,posted,2026-08-04T08:13:44.167348,148
731e4d53772d1c12,https://ye.linkedin.com/jobs/view/education-assistant-engineer-at-war-child-4445888016,Education Assistant (Engineer).,,scraped,2026-08-04T08:13:46.697346,
a1f2ba7470e1438b,https://ye.linkedin.com/jobs/view/un-women-capacity-building-trainer-national-consultant-home-based-local-post-for-nationals-of-yemen-at-un-women-4448835240,"UN Women: Capacity Building Trainer, National Consultant (Home-based), Local post for Nationals of Yemen",UN Women,posted,2026-08-04T08:14:05.795885,150
4f12bad200414b76,https://ye.linkedin.com/jobs/view/enumerators-volunteer-aldhalea-national-only-at-save-the-children-international-4445918709,Enumerators (Volunteer) Aldhalea - National Only,,scraped,2026-08-04T08:14:08.370223,
8a653337a9a0cdae,https://ye.linkedin.com/jobs/view/enumerators-volunteer-shabwa-national-only-at-save-the-children-international-4445916737,Enumerators (Volunteer) - Shabwa - National Only,,scraped,2026-08-04T08:14:15.643871,
a1bfc5944a7b0513,https://ye.linkedin.com/jobs/view/%D9%81%D9%8A%D8%AF%D9%8A%D9%88-%D9%82%D8%B5%D8%A9-%D9%85%D8%AD%D9%85%D8%AF-%D9%85%D9%86-%D8%A5%D8%AD%D8%AF%D9%89-%D9%82%D8%B5%D8%B5-%D8%A7%D9%84%D8%AA%D8%B7%D9%88%D8%B9-%D8%A7%D9%84%D8%AA%D9%8A-%D8%AF%D8%B9%D9%85%D8%AA%D9%87%D8%A7-%D8%B1%D8%A7%D8%A8%D8%B7%D8%A9-%D8%A3%D9%87%D9%84-%D8%AD%D9%88%D8%B1%D8%A7%D9%86-at-horan-foundation-hf-4443664867,(فيديو) قصة محمد من إحدى قصص التطوع التي دعمتها رابطة أهل حوران,,scraped,2026-08-04T08:14:24.211319,
8d582d50cbb28504,https://ye.linkedin.com/jobs/view/spontaneous-application-at-praim-4450394098,Spontaneous application,,scraped,2026-08-11T04:08:02.762045,
2bb566e201322aea,https://ye.linkedin.com/jobs/view/mccartneys-at-mccartney-s-inc-4449620749,- McCartneys,McCartney's Inc.,posted,2026-08-11T04:08:22.491872,152
2f3e1ba135ee54fc,https://ye.linkedin.com/jobs/view/faq-at-dole-fresh-cuts-ab-4449258292,FAQ,Dole Fresh Cuts AB,posted,2026-08-11T04:08:27.285204,128
3c0270efd01b2d7d,https://ye.linkedin.com/jobs/view/accordion-%231-at-extraweb-parma-srl-4447306252,Accordion #1,,scraped,2026-08-11T04:08:30.086270,
3c8b21a7da36b696,https://ye.linkedin.com/jobs/view/applied-computational-math-at-caltech-society-of-women-engineers-4448982210,Applied & Computational Math,Caltech Society of Women Engineers,posted,2026-08-11T04:08:43.861349,154
14c53eae64ce40fa,https://ye.linkedin.com/jobs/view/astera-labs-at-aiinframap-4448044052,Astera Labs,Aiinframap,posted,2026-08-11T04:08:53.366675,156
6c61e01b4570ac5b,https://ye.linkedin.com/jobs/view/box-truck-driver-non-cdl-at-planet-aid-inc-4449696808,Box Truck Driver - Non CDL,"Planet Aid, Inc",posted,2026-08-11T04:09:02.777832,158
242637146c4d1411,https://ye.linkedin.com/jobs/view/we-want-you%21-at-%F0%9D%9A%82%F0%9D%9A%99%F0%9D%9A%98%F0%9D%9A%9B%F0%9D%9A%9D%F0%9D%9F%BC%F0%9D%9F%BB-%F0%9D%91%BB%F0%9D%92%89%F0%9D%92%86-%F0%9D%91%AF%F0%9D%92%86%F0%9D%92%82%F0%9D%92%85%F0%9D%92%92%F0%9D%92%96%F0%9D%92%82%F0%9D%92%93%F0%9D%92%95%F0%9D%92%86%F0%9D%92%93-%F0%9D%92%90%F0%9D%92%87-%F0%9D%91%AD%F0%9D%92%96%F0%9D%92%8F-4449948514,We want you!,𝚂𝚙𝚘𝚛𝚝𝟼𝟻 - 𝑻𝒉𝒆 𝑯𝒆𝒂𝒅𝒒𝒖𝒂𝒓𝒕𝒆𝒓 𝒐𝒇 𝑭𝒖𝒏,posted,2026-08-11T04:09:07.880506,126
5b54f192e94470a0,https://ye.linkedin.com/jobs/view/%D8%A7%D9%84%D9%85%D9%83%D8%AA%D8%A8-%D8%A7%D9%84%D8%AA%D9%86%D9%81%D9%8A%D8%B0%D9%8A-at-government-expenditure-projects-efficiency-authority-%D9%87%D9%8A%D8%A6%D8%A9-%D9%83%D9%81%D8%A7%D8%A1%D8%A9-%D8%A7%D9%84%D8%A5%D9%86%D9%81%D8%A7%D9%82-%D9%88%D8%A7%D9%84%D9%85%D8%B4%D8%B1%D9%88%D8%B9%D8%A7%D8%AA-%D8%A7%D9%84%D8%AD%D9%83%D9%88%D9%85%D9%8A%D8%A9-4448481026,المكتب التنفيذي,هيئة كفاءة الإنفاق والمشروعات الحكومية,posted,2026-08-11T04:09:57.029838,160
b660566be0fd83d1,https://ye.linkedin.com/jobs/view/headman-%E2%80%93-gardening-at-al-mutawa-son-s-group-4448557922,Headman – Gardening,,scraped,2026-08-11T04:10:04.151831,
b0f615f49bbad8c9,https://ye.linkedin.com/jobs/view/%E2%80%9Eich-m%C3%B6chte-ein-audit-ohne-%C3%BCberraschungen-mit-augenma%C3%9F-und-klarer-kommunikation-at-advanced-audit-and-analytics-gmbh-4448924900,"„Ich möchte ein Audit ohne Überraschungen, mit Augenmaß und klarer Kommunikation.""",,scraped,2026-08-11T04:10:13.218662,
ddfad7264992d51b,https://ye.linkedin.com/jobs/view/%D8%AF%D8%A7%D8%B1-%D8%A7%D9%84%D8%AA%D9%88%D8%AD%D9%8A%D8%AF-%D8%A5%D9%86%D8%AA%D8%B1%D9%83%D9%88%D9%86%D8%AA%D9%8A%D9%86%D9%86%D8%AA%D8%A7%D9%84-at-selah-plus-transport-company-4447352954,دار التوحيد إنتركونتيننتال,,scraped,2026-08-11T04:10:20.426131,
9bfa9ae1ffa1b373,https://ye.linkedin.com/jobs/view/%D8%A2%D9%88%DB%8C%D8%B2-%D9%86%DA%AF%DB%8C%D9%86-%D8%AF%D8%A7%D8%B1-%D8%B3%D9%81%DB%8C%D8%AF-%D8%A2%D8%A8%DB%8C-at-bishtarazyek-gold-%DA%AF%D8%A7%D9%84%D8%B1%DB%8C-%D8%B7%D9%84%D8%A7-%D8%A8%DB%8C%D8%B4%D8%AA%D8%B1%D8%A7%D8%B2%DB%8C%DA%A9-4447379731,آویز نگین دار سفید آبی,,scraped,2026-08-11T04:10:27.480114,
a33e4c4f7bf49ac4,https://ye.linkedin.com/jobs/view/technical-gardener-at-al-mutawa-son-s-group-4448570630,Technical Gardener,,scraped,2026-08-11T04:10:36.171150,
5702191e5a8b58e6,https://ye.linkedin.com/jobs/view/dbs-service-at-strictly-education-ltd-4448739204,DBS Service,,scraped,2026-08-11T04:10:42.604710,
ddb38855e0cee546,https://ye.linkedin.com/jobs/view/competition-math-at-prepaze-academy-morrisville-4449448249,COMPETITION MATH,Prepaze Academy Morrisville,posted,2026-08-11T04:10:56.628887,162
fe471fdd044305fe,https://ye.linkedin.com/jobs/view/%D9%81%D9%86%D8%AF%D9%82-%D8%A7%D9%84%D8%B5%D9%81%D9%88%D8%A9-at-selah-plus-transport-company-4447363451,فندق الصفوة,,scraped,2026-08-11T04:10:59.223367,
113cd8a8a37a556f,https://ye.linkedin.com/jobs/view/%E2%80%A2-%D9%85%D8%B1%D8%A7%D9%82%D8%A8-%D9%85%D8%B5%D8%B1%D9%81-%D8%AF%D8%A7%D8%AE%D9%84%D9%8A-at-arab-bank-syria-4447348921,• مراقب مصرف داخلي,Arab Bank Syria,posted,2026-08-11T04:11:12.977826,164
d740157e8c63410e,https://ye.linkedin.com/jobs/view/technician-maintenance-of-photocopiers-printers-and-money-counting-machines-at-it-address-4448591970,"Technician maintenance of photocopiers, printers and money counting machines",,scraped,2026-08-11T04:11:15.607740,
36cbe2f1e2b0a3a1,https://ye.linkedin.com/jobs/view/join-our-collective%21-at-mindful-beginnings-therapy-wellness-4447300620,Join Our Collective!,Mindful Beginnings Therapy &amp; Wellness,posted,2026-08-11T04:11:29.272467,166
7c9045760025a2c8,https://ye.linkedin.com/jobs/view/fashion-consultant-swarovski-othaim-mall-ahsa-at-chalhoub-group-4428584578,Fashion Consultant - Swarovski - Othaim Mall - Ahsa,,scraped,2026-08-11T04:11:31.812277,
d73915d1ae565811,https://ye.linkedin.com/jobs/view/%D8%A7%D9%84%D8%AA%D8%B9%D8%A7%D9%85%D9%84-%D8%A7%D9%84%D8%AD%D9%83%D9%8A%D9%85-%D9%85%D8%B9-%D8%A7%D9%84%D9%85%D8%B4%D8%A7%D8%B9%D8%B1-at-laurus-training-center-4448583441,التعامل الحكيم مع المشاعر,,scraped,2026-08-11T04:11:40.682019,
675e3c6e83e80699,https://ye.linkedin.com/jobs/view/%D9%85%D8%B9%D9%84%D9%85%D9%87-at-yaschools-4448929016,معلمه,,scraped,2026-08-11T04:11:48.077155,
a16859faf3940a1d,https://ye.linkedin.com/jobs/view/teacher-at-yaschools-4448914205,Teacher,,scraped,2026-08-11T04:11:55.407702,
c5bc426135b0de32,https://ye.linkedin.com/jobs/view/zaid-abu-hamdan-at-eci-talent-artistic-agency-4448598067,Zaid ABU HAMDAN,,scraped,2026-08-11T04:12:02.570887,
1e7f0d209b27b09a,https://ye.linkedin.com/jobs/view/mhpss-officer-at-save-the-children-international-4448834923,MHPSS Officer,,scraped,2026-08-11T04:12:09.827260,
c70e8bee78d8614e,https://ye.linkedin.com/jobs/view/vestido-midi-para-invitada-con-estampado-geom%C3%A9trico-de-gasa-at-invitadisima-4449748851,Vestido midi para invitada con estampado geométrico de gasa,,scraped,2026-08-11T04:12:16.469971,
eb9f30141d28101b,https://ye.linkedin.com/jobs/view/%D8%A7%D9%84%D8%AA%D8%B1%D9%85%D9%8A%D8%B2-%D8%A7%D9%84%D8%B7%D8%A8%D9%8A-at-al-hammadi-hospitals-4450664292,الترميز الطبي,Al Hammadi Hospitals,posted,2026-08-11T04:12:37.292894,168
77420d73d694b52d,https://ye.linkedin.com/jobs/view/vestido-midi-de-gasa-vaporosa-con-estampado-geom%C3%A9trico-at-invitadisima-4447357037,Vestido midi de gasa vaporosa con estampado geométrico,,scraped,2026-08-11T04:12:39.787187,
0a19d6a49ee18061,https://ye.linkedin.com/jobs/view/%D8%A7%D8%B3%D8%AA%D8%B4%D8%A7%D8%B1%D9%8A-%D8%AA%D8%AD%D9%88%D9%91%D9%84-%D9%85%D8%A4%D8%B3%D8%B3%D9%8A-at-ecp-training-academy-4449073841,استشاري تحوّل مؤسسي,,scraped,2026-08-11T04:12:47.091263,
1b3744970753897d,https://ye.linkedin.com/jobs/view/%D8%B5%D9%85%D9%88%D8%AF-at-baladna-association-for-arab-youth-i-%D8%AC%D9%85%D8%B9%D9%8A%D8%A9-%D8%A7%D9%84%D8%B4%D8%A8%D8%A7%D8%A8-%D8%A7%D9%84%D8%B9%D8%B1%D8%A8-%D8%A8%D9%84%D8%AF%D9%86%D8%A7-4449653598,صمود,,scraped,2026-08-11T04:12:53.430630,
44eba1d05b31fc77,https://ye.linkedin.com/jobs/view/%D8%AA%D8%B7%D8%A8%D9%8A%D9%82-%D9%83%D9%88%D8%B1%D8%AF%D9%8A%D9%84-at-%D9%81%D8%B1%D8%B5%D8%A9-%D9%88%D8%AA%D9%85%D9%83%D9%8A%D9%86-4448954063,تطبيق كورديل,فرصة وتمكين,posted,2026-08-11T04:13:08.475894,170
2060ba2d4e2ef9e7,https://ye.linkedin.com/jobs/view/utility-operator-%E2%80%93-birmingham-service-division-at-jay-industrial-repair-4451519606,UTILITY OPERATOR – BIRMINGHAM SERVICE DIVISION,Jay Industrial Repair,posted,2026-08-11T04:13:18.009733,172
0e33205f2ae3c503,https://ye.linkedin.com/jobs/view/reginal-vice-president-southeast-at-siemens-healthineers-4450014166,"Reginal Vice President, Southeast",,scraped,2026-08-11T04:13:20.507520,
264d6ddcfa271c19,https://ye.linkedin.com/jobs/view/%D9%85%D8%B7%D8%B9%D9%85-%D9%84%D9%84%D8%AA%D9%82%D8%A8%D9%8A%D9%84-at-%D9%81%D8%B1%D8%B5%D8%A9-%D9%88%D8%AA%D9%85%D9%83%D9%8A%D9%86-4448933405,مطعم للتقبيل,فرصة وتمكين,posted,2026-08-11T04:13:34.098055,174
13bdcf55ac7dd61d,https://ye.linkedin.com/jobs/view/%EA%B0%9C%EB%B0%9C-qa-%EC%97%94%EC%A7%80%EB%8B%88%EC%96%B4-at-yuh-4447362802,[개발] QA 엔지니어,Yuh,posted,2026-08-11T04:13:44.309633,176
951cb4b090efb7e9,https://ye.linkedin.com/jobs/view/%D9%85%D8%B3%D8%A7%D8%B9%D8%AF-%D8%A7%D9%84%D9%85%D8%AF%D9%8A%D8%B1-%D8%A7%D9%84%D8%AA%D9%86%D9%81%D9%8A%D8%B0%D9%8A-%D9%84%D9%84%D8%AF%D8%B9%D9%85-%D9%88%D8%A7%D9%84%D8%AA%D9%85%D9%8A%D8%B2-%D8%A7%D9%84%D9%85%D8%A4%D8%B3%D8%B3%D9%8A-at-%D8%AC%D9%85%D8%B9%D9%8A%D8%A9-%D8%B1%D8%B9%D8%A7%D9%8A%D8%A9-%D8%A7%D9%84%D8%A3%D9%8A%D8%AA%D8%A7%D9%85-%D8%A8%D8%AC%D8%AF%D8%A9-4447358630,مساعد المدير التنفيذي للدعم والتميز المؤسسي,,scraped,2026-08-11T04:13:49.498576,
1a62fcba10158697,https://ye.linkedin.com/jobs/view/%D8%B1%D8%AD%D9%84%D8%A7%D8%AA-%D8%A5%D9%84%D9%89-%D8%AC%D8%B2%D9%8A%D8%B1%D9%87-%D8%AA%D9%8A%D9%86%D9%8A%D8%B1%D9%8A%D9%81%D9%89-at-spain-travel-express-4449117603,رحلات إلى جزيره تينيريفى,Spain Travel Express,posted,2026-08-11T04:14:02.923541,178
ce72dc77c2715b97,https://ye.linkedin.com/jobs/view/new-business-and-proposal-development-specialist-consultant-aden-at-save-the-children-international-4451565544,New Business and Proposal Development Specialist Consultant - Aden,,scraped,2026-08-11T04:14:05.578580,
1ad1c2fd37896073,https://ye.linkedin.com/jobs/view/ventiliuojam%C5%B3-fasad%C5%B3-specialistas-at-ntx-construction-4447359298,Ventiliuojamų fasadų specialistas,NTX Construction,posted,2026-08-11T04:14:18.155192,180
28db8cff1bff5183,https://ye.linkedin.com/jobs/view/%D9%85%D8%AF%D9%8A%D8%B1-%D8%AA%D8%B7%D9%88%D9%8A%D8%B1-%D8%A7%D9%84%D8%A3%D8%B9%D9%85%D8%A7%D9%84-at-%D9%87%D9%80%D8%AF%D9%81-%D9%84%D9%84%D8%AA%D9%88%D8%B8%D9%8A%D9%80%D9%80%D9%81-4451363466,مدير تطوير الأعمال,هـدف للتوظيــف,posted,2026-08-11T04:14:27.697884,182
a5d019eec9debf9f,https://ye.linkedin.com/jobs/view/%D8%B4%D8%B1%D8%A7%D8%A1-%D8%A3%D8%B4%D8%AC%D8%A7%D8%B1-%D9%88%D9%85%D8%B3%D8%AA%D9%84%D8%B2%D9%85%D8%A7%D8%AA-%D8%AA%D8%B4%D8%AC%D9%8A%D8%B1-%D8%A3%D8%AF%D9%88%D8%A7%D8%AA-at-analysis-and-strategic-studies-organization-asso-4449353125,شراء أشجار ومستلزمات تشجير (أدوات),,scraped,2026-08-11T04:14:30.377627,
4ba9765d4d1da952,https://ye.linkedin.com/jobs/view/yemen-grants-partnerships-coordinator-m-f-aden-at-reliefweb-4451595096,YEMEN -GRANTS & PARTNERSHIPS COORDINATOR (M/F) - ADEN,ReliefWeb,posted,2026-08-11T04:14:43.444623,184
a8cfde30105a3a05,https://ye.linkedin.com/jobs/view/new-business-and-proposal-development-specialist-consultant-aden-at-save-the-children-colombia-oficial-4452012561,New Business and Proposal Development Specialist Consultant - Aden,,scraped,2026-08-11T04:14:46.065651,
d7b28511c88150aa,https://ye.linkedin.com/jobs/view/%D8%A8%D8%B1%D8%AC-%D8%A7%D8%AE%D8%AA%D8%A8%D8%A7%D8%B1-at-sahmx-4449656541,برج اختبار,SahmX,posted,2026-08-11T04:15:01.345554,186
1ace14ba0bdedad1,https://ye.linkedin.com/jobs/view/mariko-tsuchino-at-virtual-pulse-llc-4448815802,Mariko Tsuchino,Virtual Pulse LLC,posted,2026-08-11T04:15:12.300041,188
427bba82349a6a6a,https://ye.linkedin.com/jobs/view/media-relations-coordinator-at-ntu-international-a-s-4450232840,Media Relations Coordinator,,scraped,2026-08-11T04:15:14.895605,
6f6a6acb0b178a00,https://ye.linkedin.com/jobs/view/opinion-survey-analyst-at-ntu-international-a-s-4450211170,Opinion-Survey Analyst,,scraped,2026-08-11T04:15:22.108676,
e9f9c914e118cbf0,https://ye.linkedin.com/jobs/view/influencer-manager-at-ntu-international-a-s-4447362642,Influencer Manager,,scraped,2026-08-11T04:15:29.445866,
edbd894ee8cb567e,https://ye.linkedin.com/jobs/view/social-media-manager-at-ntu-international-a-s-4450762609,Social Media Manager,,scraped,2026-08-11T04:15:36.819574,
d1620c0546937166,https://ye.linkedin.com/jobs/view/campaign-specialist-at-ntu-international-a-s-4449459484,Campaign Specialist,,scraped,2026-08-11T04:15:44.118776,
a0c1f1165577d034,https://ye.linkedin.com/jobs/view/events-manager-at-ntu-international-a-s-4449015968,Events Manager,,scraped,2026-08-11T04:15:51.046369,
921eca934186e5f3,https://ye.linkedin.com/jobs/view/public-relations-and-advertising-agent-at-ntu-international-a-s-4449668280,Public Relations and Advertising Agent,,scraped,2026-08-11T04:15:58.490912,
98dfa46978fb674b,https://ye.linkedin.com/jobs/view/%D9%85%D8%AF%D9%8A%D8%B1-%D9%85%D9%83%D8%AA%D8%A8-at-yemen-hr-consulting-4450781975,مدير مكتب,,scraped,2026-08-11T04:16:05.619591,
ca1bbfaf23a1e0d2,https://ye.linkedin.com/jobs/view/translator-interpreter-at-ntu-international-a-s-4448762612,Translator / Interpreter,,scraped,2026-08-11T04:16:14.228209,
b8412a63bd4e3263,https://ye.linkedin.com/jobs/view/%D9%85%D8%B4%D8%B1%D9%81-%D8%B9%D9%84%D9%85%D9%8A-at-yemen-hr-consulting-4450663224,مشرف علمي,,scraped,2026-08-11T04:16:21.588774,
85990c7ebede2189,https://ye.linkedin.com/jobs/view/plumber-at-al-mutawa-son-s-group-4448563768,Plumber,,scraped,2026-08-11T04:16:30.342966,
2bf48736b5efdd93,https://ye.linkedin.com/jobs/view/%D9%85%D8%AF%D9%8A%D8%B1-%D8%A7%D9%84%D9%85%D9%86%D8%AA%D8%AC%D8%A7%D8%AA-%D9%88%D8%A7%D9%84%D9%85%D8%A8%D9%8A%D8%B9%D8%A7%D8%AA-%D8%A7%D9%84%D8%A5%D9%84%D9%83%D8%AA%D8%B1%D9%88%D9%86%D9%8A%D8%A9-at-yemen-hr-consulting-4450658631,مدير المنتجات والمبيعات الإلكترونية,,scraped,2026-08-11T04:16:37.037954,
a98635ce739597f5,https://ye.linkedin.com/jobs/view/%D9%85%D9%83%D8%AA%D8%A8-%D8%AA%D8%A7%D8%AC%D9%8A%D8%B1-%D8%B4%D8%BA%D8%A7%D9%84%D8%A7%D8%AA-%D8%A8%D8%A7%D9%84%D8%B4%D9%87%D8%B1-%D8%A8%D8%A7%D9%84%D8%B1%D9%8A%D8%A7%D8%B6-at-%D8%A5%D9%86-%D8%B3%D9%88%D9%82-4448456976,مكتب تاجير شغالات بالشهر بالرياض,,scraped,2026-08-11T04:16:45.314677,
f2b8339e4077b107,https://ye.linkedin.com/jobs/view/%D8%AA%D9%82%D9%86%D9%8A%D8%A9-%D8%A7%D9%84%D8%AA%D8%AE%D8%AF%D9%8A%D8%B1-at-al-hammadi-hospitals-4450666247,تقنية التخدير,Al Hammadi Hospitals,posted,2026-08-11T04:17:14.147178,190
74d8f04f06b71376,https://ye.linkedin.com/jobs/view/electrical-and-generator-maintenance-technician-job-at-it-address-4448596954,Electrical and Generator Maintenance Technician Job.,,scraped,2026-08-11T04:17:16.858837,
c188a07dc21bb181,https://ye.linkedin.com/jobs/view/%D8%B3%D8%AD%D8%A8-%D8%A7%D9%84%D8%AF%D9%85-at-al-hammadi-hospitals-4450651984,سحب الدم,Al Hammadi Hospitals,posted,2026-08-11T04:17:35.434291,192
30e6f84812924894,https://ye.linkedin.com/jobs/view/mid-senior-automation-qa-engineer-at-csoft-limited-4447357910,Mid/Senior Automation QA Engineer,CSOFT LIMITED,posted,2026-08-11T04:17:45.233708,194
0fe8191259f8d2dc,https://ye.linkedin.com/jobs/view/%D8%B9%D8%A7%D9%85%D9%84-%D8%A5%D9%86%D8%B4%D8%A7%D8%A1%D8%A7%D8%AA-at-al-hammadi-hospitals-4450664288,عامل إنشاءات,Al Hammadi Hospitals,posted,2026-08-11T04:17:58.917772,196
cd73083242466e78,https://ye.linkedin.com/jobs/view/%D9%85%D9%86%D8%AF%D9%88%D8%A8-%D8%B9%D9%84%D9%85%D9%8A-at-yemen-hr-consulting-4450653789,مندوب علمي,,scraped,2026-08-11T04:18:01.524036,
b45d843a9e8e1c32,https://ye.linkedin.com/jobs/view/%D8%A3%D8%AE%D8%B5%D8%A7%D8%A6%D9%8A-%D9%85%D8%A8%D9%8A%D8%B9%D8%A7%D8%AA-%D8%AD%D8%AF%D9%8A%D8%AF-%D9%88%D9%85%D8%B9%D8%A7%D8%AF%D9%86-at-%40abtalsteelksa-4448944822,أخصائي مبيعات حديد ومعادن,@abtalsteelksa,posted,2026-08-11T04:18:17.128977,198
894ce5ccd93c0c8b,https://ye.linkedin.com/jobs/view/%D8%A3%D8%AE%D8%B5%D8%A7%D8%A6%D9%8A-%D8%AA%D8%BA%D8%B0%D9%8A%D8%A9-%D8%B3%D8%B1%D9%8A%D8%B1%D9%8A%D8%A9-at-al-hammadi-hospitals-4450667241,أخصائي تغذية سريرية,Al Hammadi Hospitals,posted,2026-08-11T04:18:31.068828,200
b1b48944d4de9e93,https://ye.linkedin.com/jobs/view/%D9%81%D9%86%D9%8A-%D8%B1%D8%B9%D8%A7%D9%8A%D8%A9-%D9%85%D8%B1%D8%B6%D9%89-at-al-hammadi-hospitals-4450672120,فني رعاية مرضى,Al Hammadi Hospitals,posted,2026-08-11T04:18:45.274359,202
9dceea7ab02b23b7,https://ye.linkedin.com/jobs/view/ausbildung-zum-zur-an%C3%A4sthesietechnischen-assistent-in-ata-m-w-d-at-st-josef-stift-sendenhorst-4450559844,Ausbildung zum/zur Anästhesietechnischen Assistent/in (ATA) (m/w/d),,scraped,2026-08-11T04:18:47.879433,
22e61170f510960b,https://ye.linkedin.com/jobs/view/%C3%B6nemli-2025-2026-akademik-y%C4%B1l%C4%B1-bahar-d%C3%B6nemi-tek-ders-s%C4%B1navlar%C4%B1na-girecek-%C3%B6%C4%9Frenciler-a%C3%A7%C4%B1-at-giresun-%C3%BCniversitesi-tirebolu-i%CC%87leti%C5%9Fim-fak%C3%BCltesi-4450766468,Önemli 2025-2026 Akademik Yılı Bahar Dönemi Tek Ders Sınavlarına Girecek Öğrenciler Açı...,Giresun Üniversitesi Tirebolu İletişim Fakültesi,posted,2026-08-11T04:19:02.256172,204
e25811a187c44f46,https://ye.linkedin.com/jobs/view/tirebolu-i%CC%87leti%C5%9Fim-fak%C3%BCltesi%E2%80%99nde-mezuniyet-heyecan%C4%B1-at-giresun-%C3%BCniversitesi-tirebolu-i%CC%87leti%C5%9Fim-fak%C3%BCltesi-4450773390,Tirebolu İletişim Fakültesi’nde mezuniyet heyecanı,Giresun Üniversitesi Tirebolu İletişim Fakültesi,posted,2026-08-11T04:19:12.368266,206
57aabe0dccf3738f,https://ye.linkedin.com/jobs/view/giresun-%C3%BCniversitesi%E2%80%99nde-mezuniyet-co%C5%9Fkusu-at-giresun-%C3%BCniversitesi-tirebolu-i%CC%87leti%C5%9Fim-fak%C3%BCltesi-4450760694,Giresun Üniversitesi’nde mezuniyet coşkusu,Giresun Üniversitesi Tirebolu İletişim Fakültesi,posted,2026-08-11T04:19:22.570813,208
753fe8285a42506c,https://ye.linkedin.com/jobs/view/%D8%A7%D9%84%D8%AA%D8%AF%D9%82%D9%8A%D9%82-%D9%88%D8%A7%D9%84%D8%AA%D8%AD%D8%B1%D9%8A%D8%B1-%D8%A7%D9%84%D9%84%D8%BA%D9%88%D9%8A-%D8%B1%D8%A4%D9%8A%D8%A9-%D8%AC%D8%AF%D9%8A%D8%AF%D8%A9-at-%D8%A5%D9%86-%D8%B3%D9%88%D9%82-4449053890,التدقيق والتحرير اللغوي رؤية جديدة,,scraped,2026-08-11T04:19:25.123439,
d498c659b6b519a6,https://ye.linkedin.com/jobs/view/%D9%85%D8%B4%D8%B1%D9%81-%D8%B3%D9%83%D9%86-%D9%88%D9%85%D8%AE%D9%8A%D9%85%D8%A7%D8%AA-%D8%B9%D9%85%D8%A7%D9%84-at-%40abtalsteelksa-4448944826,مشرف سكن ومخيمات عمال,@abtalsteelksa,posted,2026-08-11T04:19:39.332144,210
13e3f58b655d306c,https://ye.linkedin.com/jobs/view/tirebolu-i%CC%87leti%C5%9Fim%E2%80%99de-medya-ve-akademi-zirvesi-at-giresun-%C3%BCniversitesi-tirebolu-i%CC%87leti%C5%9Fim-fak%C3%BCltesi-4450766479,Tirebolu İletişim’de Medya ve Akademi Zirvesi,Giresun Üniversitesi Tirebolu İletişim Fakültesi,posted,2026-08-11T04:19:49.148515,212
52fd88df5bf2944c,https://ye.linkedin.com/jobs/view/analyst-senior-analyst-pricing-optimization-bangkok-based-relocation-provided-at-agoda-4441434669,"Analyst/ Senior Analyst, Pricing Optimization (Bangkok Based, relocation provided)",Agoda,posted,2026-08-11T04:20:03.452213,214
1e7d3aee4e9066d4,https://ye.linkedin.com/jobs/view/field-coordinator-at-yemen-hr-consulting-4451521342,Field Coordinator,,scraped,2026-08-11T04:20:06.273962,
6a53151987116116,https://ye.linkedin.com/jobs/view/analyst-supply-analytics-bangkok-based-relocation-provided-at-agoda-4451550603,"Analyst (Supply Analytics, Bangkok-based, Relocation provided)",Agoda,posted,2026-08-11T04:20:25.741987,216
7e89953dbc45d3ae,https://ye.linkedin.com/jobs/view/analyst-supply-analytics-bangkok-based-relocation-provided-at-agoda-4451553346,"Analyst (Supply Analytics, Bangkok-based, Relocation provided)",Agoda,posted,2026-08-11T04:20:33.157543,216
7210393ab1cb7e84,https://ye.linkedin.com/jobs/view/business-analyst-supply-analytics-bangkok-based-relocation-provided-at-agoda-4451539968,"Business Analyst (Supply Analytics, Bangkok-based, Relocation provided)",Agoda,posted,2026-08-11T04:20:45.775273,218
666c3833d01d4a47,https://ye.linkedin.com/jobs/view/business-analyst-supply-analytics-bangkok-based-relocation-provided-at-agoda-4451546874,"Business Analyst (Supply Analytics, Bangkok-based, Relocation provided)",Agoda,posted,2026-08-11T04:20:53.203629,218
6910ed898eb7388a,https://ye.linkedin.com/jobs/view/analyst-supply-analytics-bangkok-based-relocation-provided-at-agoda-4451562043,"Analyst (Supply Analytics, Bangkok-based, Relocation provided)",Agoda,posted,2026-08-11T04:21:01.231556,216
2696551907daa295,https://ye.linkedin.com/jobs/view/business-analyst-supply-analytics-bangkok-based-relocation-provided-at-agoda-4451548606,"Business Analyst (Supply Analytics, Bangkok-based, Relocation provided)",Agoda,posted,2026-08-11T04:21:08.646514,218
09bf6e8bb7ab7699,https://ye.linkedin.com/jobs/view/data-scientist-senior-analyst-supply-analytics-bangkok-based-relocation-provided-at-agoda-4451559174,"Data Scientist/Senior Analyst (Supply Analytics, Bangkok-based, Relocation provided)",Agoda,posted,2026-08-11T04:21:21.200040,220
c186acb2d3d88e15,https://ye.linkedin.com/jobs/view/data-scientist-senior-analyst-supply-analytics-bangkok-based-relocation-provided-at-agoda-4451543964,"Data Scientist/Senior Analyst (Supply Analytics, Bangkok-based, Relocation provided)",Agoda,posted,2026-08-11T04:21:35.217838,222
7a4a3b7aeb8b68c0,https://ye.linkedin.com/jobs/view/digital-community-liaison-officer-signpost-at-international-rescue-committee-4455281881,Digital Community Liaison Officer (Signpost),International Rescue Committee,posted,2026-08-17T23:42:11.196022,224
2e7b284e8257c820,https://ye.linkedin.com/jobs/view/journal-reviewers-at-hassan-al-baiti-establishment-for-educational-consultations-and-student-services-4449843588,Journal Reviewers,,scraped,2026-08-17T23:42:13.809488,
74be3b7a2c497bf7,https://ye.linkedin.com/jobs/view/field-meal-coordinator-at-reliefweb-4454080229,Field MEAL Coordinator,ReliefWeb,posted,2026-08-17T23:42:30.615285,226
a6c47b74067ec47e,https://ye.linkedin.com/jobs/view/linkedin-personal-branding-career-development-trainer-at-madani-foundation-for-development-mfd-4452475409,LinkedIn Personal Branding & Career Development Trainer,Madani Foundation for Development - MFD,posted,2026-08-17T23:42:44.637493,228
7a9dd6f903b82f01,https://ye.linkedin.com/jobs/view/security-and-systems-engineers-at-defense-logistics-agency-4455113227,Security and Systems Engineers,Defense Logistics Agency,posted,2026-08-17T23:42:54.369832,230
30768d1442e2d1ad,https://ye.linkedin.com/jobs/view/ports-and-shipping-specialist-at-ntu-international-a-s-4455325476,Ports and Shipping Specialist,,scraped,2026-08-17T23:42:56.931767,
74d3870aace73331,https://ye.linkedin.com/jobs/view/sharepoint-data-management-specialist-at-cortina-solutions-4455130322,SharePoint/Data Management Specialist,Cortina Solutions,posted,2026-08-17T23:43:12.124759,232
957b03a90bac0945,https://ye.linkedin.com/jobs/view/senior-editorial-officer-signpost-at-international-rescue-committee-4455287827,Senior Editorial Officer (Signpost),International Rescue Committee,posted,2026-08-17T23:43:21.861028,234
c908320497fd74a7,https://ye.linkedin.com/jobs/view/technical-support-management-tsm-system-specialist-at-cortina-solutions-4454518796,Technical Support Management (TSM) System Specialist,Cortina Solutions,posted,2026-08-17T23:43:33.135032,236
9309a6be174b615a,https://ye.linkedin.com/jobs/view/health-and-nutrition-community-mobilization-officer-at-save-the-children-international-4452441170,Health and Nutrition Community Mobilization Officer,,scraped,2026-08-17T23:43:35.838520,
49db5f2204412579,https://ye.linkedin.com/jobs/view/health-and-nutrition-community-mobilization-officer-at-save-the-children-colombia-oficial-4452673789,Health and Nutrition Community Mobilization Officer,,scraped,2026-08-17T23:43:43.014057,
fb655b0a17adc1e4,https://ye.linkedin.com/jobs/view/yemen-wash-consortium-meal-coordinator-%E2%80%93-dg-echo-project-at-oxfam-4451638674,Yemen WaSH Consortium MEAL Coordinator – DG ECHO Project,,scraped,2026-08-17T23:43:50.950880,
ade759ba5a16beba,https://ye.linkedin.com/jobs/view/technical-project-specialist-at-fao-4449897175,Technical Project Specialist,,scraped,2026-08-17T23:43:57.222136,
ced66f3aab36210e,https://ye.linkedin.com/jobs/view/mental-health-psychosocial-support-manager-mhpss-at-international-rescue-committee-4455148964,Mental Health & Psychosocial Support Manager (MHPSS),International Rescue Committee,posted,2026-08-17T23:44:11.069811,238
859b8117ccfd7240,https://ye.linkedin.com/jobs/view/monitoring-evaluation-accountability-and-learning-assistant-at-danish-refugee-council-dansk-flygtningehj%C3%A6lp-4451952440,"Monitoring, Evaluation, Accountability and Learning Assistant",,scraped,2026-08-17T23:44:13.682988,
397f36df07c8a8d0,https://ye.linkedin.com/jobs/view/senior-engineer-at-thompson-engineering-4455112231,Senior Engineer,Thompson Engineering,posted,2026-08-17T23:44:28.376871,240
f1a819194ce29cd8,https://ye.linkedin.com/jobs/view/senior-structural-engineer-at-thompson-engineering-4455123140,Senior Structural Engineer,Thompson Engineering,posted,2026-08-17T23:44:38.127364,242
56fb19dc80915b95,https://ye.linkedin.com/jobs/view/fsl-project-officer-at-save-the-children-international-4452493340,FSL Project Officer,,scraped,2026-08-17T23:44:42.861147,
271f1bd630ea1305,https://ye.linkedin.com/jobs/view/utility-operator-%E2%80%93-birmingham-service-division-at-jay-industrial-repair-4455141466,UTILITY OPERATOR – BIRMINGHAM SERVICE DIVISION,Jay Industrial Repair,posted,2026-08-17T23:44:51.749815,172
7f92633492cb0372,https://ye.linkedin.com/jobs/view/chief-technology-officer-at-thompson-engineering-4455197281,Chief Technology Officer,Thompson Engineering,posted,2026-08-17T23:45:01.047708,244
17edd5aee6e58f1f,https://ye.linkedin.com/jobs/view/it-associate-desktop-support-analyst-at-harris-teeter-4455203306,IT Associate Desktop support analyst,Harris Teeter,posted,2026-08-17T23:45:11.113955,246
dedb07cccc759f2a,https://ye.linkedin.com/jobs/view/analyst-senior-analyst-pricing-marketing-bangkok-based-relocation-provided-at-agoda-4410539438,"Analyst/ Senior Analyst, Pricing Marketing (Bangkok Based, relocation provided)",Agoda,posted,2026-08-17T23:45:25.517162,248
82ab5efb1c9b7a12,https://ye.linkedin.com/jobs/view/analyst-senior-analyst-pricing-marketing-bangkok-based-relocation-provided-at-agoda-4410534398,"Analyst/ Senior Analyst, Pricing Marketing (Bangkok Based, relocation provided)",Agoda,posted,2026-08-17T23:45:35.768970,248
9535872145fc5df2,https://ye.linkedin.com/jobs/view/franchise-sales-executive-at-https-drone-port-in-4456606407,Franchise Sales Executive,https://drone-port.in/,posted,2026-08-24T23:41:36.475690,250
a4a65a5b213a37e0,https://ye.linkedin.com/jobs/view/country-manager-yemen-at-catholic-relief-services-4454640956,"Country Manager, Yemen",Catholic Relief Services,posted,2026-08-24T23:41:41.436785,76
86b0b34a2b368e69,https://ye.linkedin.com/jobs/view/%D9%83%D8%A7%D8%AA%D8%A8-%D9%85%D8%AD%D8%AA%D9%88%D9%89-%D9%88%D8%A3%D8%AE%D8%B5%D8%A7%D8%A6%D9%8A-%D9%88%D8%B3%D8%A7%D8%A6%D9%84-%D8%A7%D9%84%D8%AA%D9%88%D8%A7%D8%B5%D9%84-%D8%A7%D9%84%D8%A7%D8%AC%D8%AA%D9%85%D8%A7%D8%B9%D9%8A-at-asilix-4447857098,كاتب محتوى وأخصائي وسائل التواصل الاجتماعي,,scraped,2026-08-24T23:41:44.111260,
fc2c9aa71a4a543b,https://ye.linkedin.com/jobs/view/mixed-migration-assistant-at-danish-refugee-council-dansk-flygtningehj%C3%A6lp-4455442131,Mixed Migration Assistant,,scraped,2026-08-24T23:41:50.245295,
c99075f06417eda0,https://ye.linkedin.com/jobs/view/aviation-specialist-at-ntu-international-a-s-4458244350,Aviation Specialist,,scraped,2026-08-24T23:41:57.288401,
93302878b1bf3d1e,https://ye.linkedin.com/jobs/view/railways-specialist-at-ntu-international-a-s-4456758484,Railways Specialist,,scraped,2026-08-24T23:42:04.832354,
714099e8ba135f52,https://ye.linkedin.com/jobs/view/protection-intern-legal-at-danish-refugee-council-dansk-flygtningehj%C3%A6lp-4454981683,Protection Intern-Legal,,scraped,2026-08-24T23:42:12.190517,
2640474cc77d8089,https://ye.linkedin.com/jobs/view/solution-architect-messaging-telecom-integration-lead-at-mount-cloud-4454117578,Solution Architect / Messaging & Telecom Integration Lead,Mount Cloud,posted,2026-08-24T23:42:26.505298,252
3ab074ea5b8f811e,https://ye.linkedin.com/jobs/view/logistics-manager-yemen-m-f-at-secours-islamique-france-4446576620,LOGISTICS MANAGER YEMEN M/F,,scraped,2026-08-24T23:42:29.131897,
0fdbdfa82d74dfd7,https://ye.linkedin.com/jobs/view/%D8%A7%D8%B3%D8%AA%D8%B4%D8%A7%D8%B1%D9%8A-%D9%85%D8%B1%D8%A7%D8%AC%D8%B9%D8%A9-%D9%88%D8%AA%D8%AF%D9%82%D9%8A%D9%82-%D9%81%D9%86%D9%8A-%D9%84%D9%85%D9%82%D8%A7%D9%84%D8%A7%D8%AA-%D8%B3%D9%84%D8%A7%D8%B3%D9%84-%D8%A7%D9%84%D9%82%D9%8A%D9%85%D8%A9-%D8%A7%D9%84%D8%B2%D8%B1%D8%A7%D8%B9%D9%8A%D8%A9-at-yemen-hr-consulting-4458196315,استشاري مراجعة وتدقيق فني لمقالات سلاسل القيمة الزراعية,,scraped,2026-08-24T23:42:38.378934,
f8d1cba087e406ee,https://ye.linkedin.com/jobs/view/crm-at-credfoods-4459378238,CRM,Credfoods,posted,2026-09-01T01:52:48.335790,254
e34fda346716ffd4,https://ye.linkedin.com/jobs/view/security-and-liaison-officer-west-coast-at-yemen-hr-consulting-4460116966,Security and Liaison Officer West Coast,,scraped,2026-09-01T01:52:50.699293,
26957b61895881fa,https://ye.linkedin.com/jobs/view/%D8%B9%D8%A7%D9%85%D9%84-%D8%AD%D8%A7%D9%84%D8%A9-at-syrian-arab-red-crescent-4459458624,عامل حالة,Syrian Arab Red Crescent,posted,2026-09-01T01:53:09.815360,256
982a9ff6299948c7,https://ye.linkedin.com/jobs/view/customer-relationship-executive-tele-caller-at-naapbooks-limited-4459602657,Customer Relationship Executive (Tele Caller),,scraped,2026-09-01T01:53:12.183259,
05df7799e980b9e6,https://ye.linkedin.com/jobs/view/transport-experts-at-ntu-international-a-s-4461047688,Transport Experts,,scraped,2026-09-01T01:53:20.238781,
96731c2d02a2e134,https://ye.linkedin.com/jobs/view/%D9%85%D8%B1%D8%A7%D9%82%D8%A8-%D8%A7%D9%84%D8%AA%D8%AD%D9%85%D9%8A%D9%84-at-syrian-arab-red-crescent-4459469571,مراقب التحميل,Syrian Arab Red Crescent,posted,2026-09-01T01:53:39.037261,258
33b3353cc65cea7f,https://ye.linkedin.com/jobs/view/economic-recovery-officer-at-danish-refugee-council-dansk-flygtningehj%C3%A6lp-4459734198,Economic Recovery Officer,,scraped,2026-09-01T01:53:41.364329,
6de3eae93f69d9ac,https://ye.linkedin.com/jobs/view/education-specialist-at-yemen-hr-consulting-4461070742,Education Specialist,,scraped,2026-09-01T01:53:48.154960,
dd3a97c75b0cbbed,https://ye.linkedin.com/jobs/view/risk-and-compliance-coordinator-at-danish-refugee-council-dansk-flygtningehj%C3%A6lp-4459794167,Risk and Compliance Coordinator,,scraped,2026-09-01T01:53:56.348461,
d34715b3a95299eb,https://ye.linkedin.com/jobs/view/%D8%A7%D9%84%D8%AA%D8%B9%D8%A7%D9%88%D9%86%D9%8A%D8%A9-%D9%84%D9%84%D8%AA%D8%A3%D9%85%D9%8A%D9%86-%D8%AA%D9%88%D9%81%D8%B1-%D9%88%D8%B8%D8%A7%D8%A6%D9%81-%D9%84%D8%AD%D9%85%D9%84%D8%A9-%D8%A7%D9%84%D8%A8%D9%83%D8%A7%D9%84%D9%88%D8%B1%D9%8A%D9%88%D8%B3-%D8%A8%D8%A7%D9%84%D8%B1%D9%8A%D8%A7%D8%B6-at-%D9%88%D8%B8%D9%8A%D9%81%D8%AA%D9%83-%D8%A7%D9%84%D8%A3%D9%88%D9%84%D9%89-4458839524,التعاونية للتأمين توفر وظائف لحملة البكالوريوس بالرياض,,scraped,2026-09-01T01:54:02.808392,
cb4b12db623c1ecd,https://ye.linkedin.com/jobs/view/%D9%85%D8%A8%D8%A7%D8%AF%D8%B1%D8%A7%D8%AA-%D9%85%D8%AC%D8%AA%D9%85%D8%B9%D9%8A%D8%A9-%D9%88%D9%85%D8%AA%D8%B7%D9%88%D8%B9%D9%8A-%D9%88%D8%B5%D9%88%D9%84-at-syrian-arab-red-crescent-4459458608,مبادرات مجتمعية ومتطوعي وصول,Syrian Arab Red Crescent,posted,2026-09-01T01:54:19.892998,260
d984356b98c567f1,https://ye.linkedin.com/jobs/view/%D9%85%D8%AF%D9%8A%D8%B1-%D8%AD%D8%A7%D9%84%D8%A9-%D8%AA%D9%85%D9%83%D9%8A%D9%86-%D8%A7%D9%84%D9%85%D8%B1%D8%A3%D8%A9-at-syrian-arab-red-crescent-4459476542,مدير حالة تمكين المرأة,Syrian Arab Red Crescent,posted,2026-09-01T01:54:32.694569,262
3e8b0a19e16bb0e7,https://ye.linkedin.com/jobs/view/%D9%85%D8%AF%D9%8A%D8%B1-%D8%AD%D8%A7%D9%84%D8%A9-%D8%AA%D9%85%D9%83%D9%8A%D9%86-%D8%A7%D9%84%D9%85%D8%B1%D8%A3%D8%A9-at-syrian-arab-red-crescent-4459462577,مدير حالة تمكين المرأة,Syrian Arab Red Crescent,scraped,2026-09-01T01:54:39.557683,
34bc14b0ef64d138,https://ye.linkedin.com/jobs/view/%D9%85%D8%AF%D9%8A%D8%B1-%D8%AD%D8%A7%D9%84%D8%A9-%D8%AF%D8%B9%D9%85-%D9%86%D9%81%D8%B3%D9%8A-at-syrian-arab-red-crescent-4459460622,مدير حالة دعم نفسي,Syrian Arab Red Crescent,posted,2026-09-01T01:54:52.863194,264
630613602bb6b70c,https://ye.linkedin.com/jobs/view/%D9%85%D8%B3%D8%A4%D9%88%D9%84-%D9%85%D8%A8%D8%A7%D8%AF%D8%B1%D8%A7%D8%AA-%D9%85%D8%AC%D8%AA%D9%85%D8%B9%D9%8A%D8%A9-%D9%88%D9%85%D8%AA%D8%B7%D9%88%D8%B9%D9%8A-%D9%88%D8%B5%D9%88%D9%84-at-syrian-arab-red-crescent-4459457615,مسؤول مبادرات مجتمعية ومتطوعي وصول,Syrian Arab Red Crescent,posted,2026-09-01T01:55:07.401301,266
4f0f3fa534ebcc53,https://ye.linkedin.com/jobs/view/%D9%85%D8%B3%D8%A4%D9%88%D9%84-%D9%85%D8%A8%D8%A7%D8%AF%D8%B1%D8%A7%D8%AA-%D9%85%D8%AC%D8%AA%D9%85%D8%B9%D9%8A%D8%A9-%D9%88%D9%85%D8%AA%D8%B7%D9%88%D8%B9%D9%8A-%D9%88%D8%B5%D9%88%D9%84-at-syrian-arab-red-crescent-4459478478,مسؤول مبادرات مجتمعية ومتطوعي وصول,Syrian Arab Red Crescent,scraped,2026-09-01T01:55:14.456311,
8723d6a277d8dee1,https://ye.linkedin.com/jobs/view/%D9%85%D8%B3%D8%A4%D9%88%D9%84-%D9%85%D8%A8%D8%A7%D8%AF%D8%B1%D8%A7%D8%AA-%D9%85%D8%AC%D8%AA%D9%85%D8%B9%D9%8A%D8%A9-%D9%88%D9%85%D8%AA%D8%B7%D9%88%D8%B9%D9%8A-%D9%88%D8%B5%D9%88%D9%84-at-syrian-arab-red-crescent-4459465611,مسؤول مبادرات مجتمعية ومتطوعي وصول,Syrian Arab Red Crescent,scraped,2026-09-01T01:55:21.434412,
4e7bf91303519e58,https://ye.linkedin.com/jobs/view/%D9%85%D8%AF%D9%82%D9%82-%D8%AD%D8%A7%D9%84%D8%A7%D8%AA-%D8%A7%D9%84%D8%B9%D9%86%D9%81-%D8%A7%D9%84%D9%82%D8%A7%D8%A6%D9%85-%D8%B9%D9%84%D9%89-%D8%A7%D9%84%D9%86%D9%88%D8%B9-%D8%A7%D9%84%D8%A7%D8%AC%D8%AA%D9%85%D8%A7%D8%B9%D9%8A-at-syrian-arab-red-crescent-4459458615,مدقق حالات العنف القائم على النوع الاجتماعي,Syrian Arab Red Crescent,posted,2026-09-01T01:55:34.862397,268
c1e88cda22d306b4,https://ye.linkedin.com/jobs/view/%D9%85%D8%AF%D9%82%D9%82-%D8%AD%D8%A7%D9%84%D8%A7%D8%AA-%D8%A7%D9%84%D8%B9%D9%86%D9%81-%D8%A7%D9%84%D9%82%D8%A7%D8%A6%D9%85-%D8%B9%D9%84%D9%89-%D8%A7%D9%84%D9%86%D9%88%D8%B9-%D8%A7%D9%84%D8%A7%D8%AC%D8%AA%D9%85%D8%A7%D8%B9%D9%8A-at-syrian-arab-red-crescent-4459461588,مدقق حالات العنف القائم على النوع الاجتماعي,Syrian Arab Red Crescent,scraped,2026-09-01T01:55:41.741677,
46b4be58984a3fa2,https://ye.linkedin.com/jobs/view/%D8%A7%D9%84%D9%87%D9%8A%D8%A6%D8%A9-%D8%A7%D9%84%D8%B3%D8%B9%D9%88%D8%AF%D9%8A%D8%A9-%D9%84%D9%84%D8%AA%D8%AE%D8%B5%D8%B5%D8%A7%D8%AA-%D8%A7%D9%84%D8%B5%D8%AD%D9%8A%D8%A9-%D8%AA%D9%88%D9%81%D8%B1-%D9%88%D8%B8%D9%8A%D9%81%D8%A9-%D8%A8%D8%A7%D9%84%D8%B1%D9%8A%D8%A7%D8%B6-at-%D9%88%D8%B8%D9%8A%D9%81%D8%AA%D9%83-%D8%A7%D9%84%D8%A3%D9%88%D9%84%D9%89-4458835598,الهيئة السعودية للتخصصات الصحية توفر وظيفة بالرياض,,scraped,2026-09-01T01:55:44.236219,
f0f5caeff94e6a38,https://ye.linkedin.com/jobs/view/%D9%85%D8%B3%D8%A7%D8%B9%D8%AF-%D8%A5%D8%AF%D8%A7%D8%B1%D9%8A-%D9%88%D9%85%D8%B9%D8%AF-%D8%AA%D9%82%D8%A7%D8%B1%D9%8A%D8%B1-at-syrian-arab-red-crescent-4459464579,مساعد إداري ومعد تقارير,Syrian Arab Red Crescent,posted,2026-09-01T01:56:00.297720,270
5b962e904702686a,https://ye.linkedin.com/jobs/view/%D9%85%D8%B3%D8%A7%D8%B9%D8%AF-%D8%A5%D8%AF%D8%A7%D8%B1%D9%8A-%D9%81%D9%8A-%D9%82%D8%B3%D9%85-%D8%A7%D9%84%D8%AE%D8%AF%D9%85%D8%A7%D8%AA-%D8%A7%D9%84%D9%82%D8%A7%D9%86%D9%88%D9%86%D9%8A%D8%A9-at-syrian-arab-red-crescent-4459480469,مساعد إداري في قسم الخدمات القانونية,Syrian Arab Red Crescent,posted,2026-09-01T01:56:13.573439,272
f7e05f5c97ef14bc,https://ye.linkedin.com/jobs/view/%D9%85%D9%86%D8%B3%D9%82-%D8%A7%D9%84%D8%AE%D8%AF%D9%85%D8%A7%D8%AA-%D8%A7%D9%84%D8%B5%D8%AD%D9%8A%D8%A9-%D8%A7%D9%84%D9%85%D8%AC%D9%85%D8%B9%D9%8A%D8%A9-at-syrian-arab-red-crescent-4459472520,منسق الخدمات الصحية المجمعية,Syrian Arab Red Crescent,posted,2026-09-01T01:56:26.895035,274
628f414da3de3363,https://ye.linkedin.com/jobs/view/%D8%B4%D8%A7%D8%BA%D8%B1-%D9%88%D8%B8%D9%8A%D9%81%D9%8A-%D9%85%D8%AB%D9%82%D9%81-%D8%B5%D8%AD%D9%8A-at-syrian-arab-red-crescent-4459478486,شاغر وظيفي-مثقف صحي,Syrian Arab Red Crescent,posted,2026-09-01T01:56:40.284282,276
13dd90cc697180aa,https://ye.linkedin.com/jobs/view/%D9%85%D8%B3%D8%A7%D8%B9%D8%AF-%D8%A5%D8%AF%D8%A7%D8%B1%D9%8A-%D9%88%D9%85%D8%B9%D8%AF-%D8%AA%D9%82%D8%A7%D8%B1%D9%8A%D8%B1-at-syrian-arab-red-crescent-4459469565,مساعد إداري ومعد تقارير,Syrian Arab Red Crescent,scraped,2026-09-01T01:56:47.100832,
12adc5278542f35b,https://ye.linkedin.com/jobs/view/%D9%85%D8%B3%D8%A7%D8%B9%D8%AF-%D8%A5%D8%AF%D8%A7%D8%B1%D9%8A-%D9%85%D8%B4%D8%B1%D9%88%D8%B9-%D8%A7%D9%84%D8%AF%D8%B9%D9%85-%D8%A7%D9%84%D8%A7%D9%86%D8%B3%D8%A7%D9%86%D9%8A-at-syrian-arab-red-crescent-4459471544,مساعد إداري مشروع الدعم الانساني,Syrian Arab Red Crescent,posted,2026-09-01T01:56:59.780838,278
ae41b46127c65d1e,https://ye.linkedin.com/jobs/view/%D8%B4%D8%A7%D8%BA%D8%B1-%D9%88%D8%B8%D9%8A%D9%81%D9%8A-%D8%B5%D9%8A%D8%AF%D9%84%D8%A7%D9%86%D9%8A-at-syrian-arab-red-crescent-4459467558,شاغر وظيفي-صيدلاني,Syrian Arab Red Crescent,posted,2026-09-01T01:57:13.438714,280
b140da5f1c7a3bdb,https://ye.linkedin.com/jobs/view/%D8%B4%D8%A7%D8%BA%D8%B1-%D9%88%D8%B8%D9%8A%D9%81%D9%8A-%D9%82%D8%A7%D8%A8%D9%84%D8%A9-%D9%82%D8%A7%D9%86%D9%88%D9%86%D9%8A%D8%A9-at-syrian-arab-red-crescent-4459468596,شاغر وظيفي- قابلة قانونية,Syrian Arab Red Crescent,posted,2026-09-01T01:57:26.841964,282
4ed14f8a4d778fd7,https://ye.linkedin.com/jobs/view/%D9%85%D8%B3%D8%A7%D8%B9%D8%AF-%D8%A5%D8%AF%D8%A7%D8%B1%D9%8A-%D9%88%D9%85%D8%B9%D8%AF-%D8%AA%D9%82%D8%A7%D8%B1%D9%8A%D8%B1-%D9%85%D8%B4%D8%B1%D9%88%D8%B9-%D8%A7%D9%84%D8%AF%D8%B9%D9%85-%D8%A7%D9%84%D8%A5%D9%86%D8%B3%D8%A7%D9%86%D9%8A-at-syrian-arab-red-crescent-4459479493,مساعد إداري ومعد تقارير / مشروع الدعم الإنساني/,Syrian Arab Red Crescent,posted,2026-09-01T01:57:39.027531,284
3efd05a733c2352c,https://ye.linkedin.com/jobs/view/%D9%86%D8%B8%D8%A7%D8%B1%D8%A7%D8%AA-%D8%A7%D9%84%D8%A8%D8%B1%D9%83%D8%A7%D8%AA-%D8%AA%D8%B7%D8%B1%D8%AD-%D9%88%D8%B8%D8%A7%D8%A6%D9%81-%D9%84%D8%AD%D9%85%D9%84%D8%A9-%D8%A7%D9%84%D8%A8%D9%83%D8%A7%D9%84%D9%88%D8%B1%D9%8A%D9%88%D8%B3-%D9%81%D9%8A-%D8%A7%D9%84%D8%B1%D9%8A%D8%A7%D8%B6-at-%D9%88%D8%B8%D9%8A%D9%81%D8%AA%D9%83-%D8%A7%D9%84%D8%A3%D9%88%D9%84%D9%89-4459244646,نظارات البركات تطرح وظائف لحملة البكالوريوس في الرياض,,scraped,2026-09-01T01:57:41.514223,
84fe20514db81254,https://ye.linkedin.com/jobs/view/finance-business-partnering-specialist-at-spimaco-4460701294,"Finance Business Partnering, Specialist",SPIMACO,posted,2026-09-08T01:15:52.842277,286
91268bd45b2ac1b2,https://ye.linkedin.com/jobs/view/it-auditor-%D9%85%D8%AF%D9%82%D9%82-%D9%86%D8%B8%D9%85-%D9%85%D8%B9%D9%84%D9%88%D9%85%D8%A7%D8%AA-at-yemen-hr-consulting-4464315506,IT Auditor - مدقق نظم معلومات,,scraped,2026-09-08T01:15:55.367686,
db1db1040a5f9b57,https://ye.linkedin.com/jobs/view/qa-inspector-at-anthony-machine-4462678790,QA Inspector,Anthony Machine,posted,2026-09-08T01:16:11.616066,288
2e9d4b67ca2d1040,https://ye.linkedin.com/jobs/view/lead-interior-designer-at-dot-architects-4461845362,Lead Interior Designer,Dot Architects,posted,2026-09-08T01:16:22.026660,290
21fb5e04229d912d,https://ye.linkedin.com/jobs/view/meal-officer-at-yemen-hr-consulting-4463140312,MEAL Officer,,scraped,2026-09-08T01:16:24.485381,
c09f1475ea6e22df,https://ye.linkedin.com/jobs/view/community-feedback-mechanism-assistant-yemen-at-norwegian-refugee-council-4462861007,Community Feedback Mechanism Assistant Yemen,,scraped,2026-09-08T01:16:32.494551,
518081e241b0063e,https://ye.linkedin.com/jobs/view/community-feedback-mechanism-assistant-at-yemen-shortlist-4461139002,Community Feedback Mechanism Assistant,,scraped,2026-09-08T01:16:40.092344,
2f2eca50f12e6009,https://ye.linkedin.com/jobs/view/%D8%A3%D8%AE%D8%B5%D8%A7%D8%A6%D9%8A-%D8%AA%D8%B3%D9%88%D9%8A%D9%82-%D8%B1%D9%82%D9%85%D9%8A-%D8%A3%D9%88%D9%84-at-%D8%B1%D8%B3%D9%88%D9%85%D8%A7%D8%AA-rosomat-4459918017,أخصائي تسويق رقمي أول,,scraped,2026-09-08T01:16:47.153748,
aa9b6c228afb294f,https://ye.linkedin.com/jobs/view/international-program-coordinator-4462206257,International Program Coordinator,"FAO, Food and Nutrition Security Resilience Program",posted,2026-09-08T01:16:59.512050,292
c513bbf9fe8c4f57,https://ye.linkedin.com/jobs/view/reproductive-health-manager-at-international-rescue-committee-4462725875,Reproductive Health Manager,International Rescue Committee,posted,2026-09-08T01:17:16.578412,294
dd71975a2d070524,https://ye.linkedin.com/jobs/view/program-coordinator-yemen-m-f-at-secours-islamique-france-4444499507,PROGRAM COORDINATOR YEMEN M/F,,scraped,2026-09-08T01:17:19.095477,
6fbd6cc77d10c544,https://ye.linkedin.com/jobs/view/%D8%B9%D8%A7%D9%85%D9%84-%D8%B2%D8%B1%D8%A7%D8%B9%D9%8A-at-national-university-of-sadat-city-4461116255,عامل زراعي,National University of Sadat City,posted,2026-09-08T01:17:35.795728,296
de55f9544b71c505,https://ye.linkedin.com/jobs/view/%D9%81%D8%B1%D8%AF-%D8%A3%D9%85%D9%86-at-national-university-of-sadat-city-4460798695,فرد أمن,National University of Sadat City,posted,2026-09-08T01:17:45.798743,298
2d1047cf61a41664,https://ye.linkedin.com/jobs/view/program-coordinator-yemen-at-reliefweb-4463611138,Program Coordinator - Yemen,ReliefWeb,posted,2026-09-08T01:17:56.443356,300
feeb1595284baff2,https://ye.linkedin.com/jobs/view/space-subject-matter-expert-curriculum-%E2%80%94-remote-1099-%E2%80%94-contingent-at-octagon-compliance-group-inc-4461975233,Space Subject Matter Expert (Curriculum) — Remote / 1099 — Contingent,"Octagon Compliance Group, Inc",posted,2026-09-08T01:18:06.955834,302
279496eae1714db6,https://ye.linkedin.com/jobs/view/contract-video-journalist-at-moose-media-4462110064,Contract Video Journalist,Moose Media,posted,2026-09-08T01:18:17.379626,304
16ccb2200d2d8cd2,https://ye.linkedin.com/jobs/view/logistics-coordinator-at-yemen-hr-consulting-4464318439,Logistics Coordinator,,scraped,2026-09-08T01:18:20.154240,
9cbb1d3f2768dcf9,https://ye.linkedin.com/jobs/view/logistics-and-procurement-assistant-at-yemen-hr-consulting-4461725416,Logistics and Procurement Assistant,,scraped,2026-09-08T01:18:28.247259,
f2df733017751ee3,https://ye.linkedin.com/jobs/view/%D9%85%D8%AF%D9%8A%D8%B1-%D8%A7%D9%84%D8%A5%D9%86%D8%AA%D8%A7%D8%AC-at-yemen-hr-consulting-4463140310,مدير الإنتاج,,scraped,2026-09-08T01:18:36.255940,
de8aa50d2bb805a1,https://ye.linkedin.com/jobs/view/%D9%85%D8%AF%D8%A7%D8%B1%D8%B3-%D8%A7%D9%84%D8%A8%D9%8A%D8%A7%D8%B1%D9%82-%D8%A7%D9%84%D8%A3%D9%87%D9%84%D9%8A%D8%A9-%D8%AA%D9%88%D9%81%D8%B1-%D9%88%D8%B8%D8%A7%D8%A6%D9%81-%D8%AA%D8%B9%D9%84%D9%8A%D9%85%D9%8A%D8%A9-%D9%88%D8%A3%D9%85%D9%86%D9%8A%D8%A9-%D9%81%D9%8A-%D8%A7%D9%84%D8%B1%D9%8A%D8%A7%D8%B6-at-%D9%88%D8%B8%D9%8A%D9%81%D8%AA%D9%83-%D8%A7%D9%84%D8%A3%D9%88%D9%84%D9%89-4461803600,مدارس البيارق الأهلية توفر وظائف تعليمية وأمنية في الرياض,,scraped,2026-09-08T01:18:44.063511,
17a4bac4eba2027d,https://ye.linkedin.com/jobs/view/lead-analyst-supply-analytics-bangkok-based-relocation-provided-at-agoda-4371896862,"Lead Analyst (Supply Analytics, Bangkok-based, Relocation provided)",,scraped,2026-09-08T01:18:55.345524,
cf451eb214198bc5,https://ye.linkedin.com/jobs/view/%D9%85%D8%B3%D8%A6%D9%88%D9%84-%D8%B1%D8%B9%D8%A7%D9%8A%D8%A9-%D8%B7%D8%A8%D9%8A%D8%A9-%D8%B7%D9%84%D8%A7%D8%A8%D9%8A%D8%A9-at-national-university-of-sadat-city-4461106608,مسئول رعاية طبية طلابية,National University of Sadat City,posted,2026-09-08T01:19:11.755662,306
4acceceaeab979fd,https://ye.linkedin.com/jobs/view/%D9%81%D9%86%D9%8A-%D8%B5%D9%8A%D8%A7%D9%86%D8%A9-at-national-university-of-sadat-city-4461111545,فني صيانة,National University of Sadat City,posted,2026-09-08T01:19:22.911181,308
765b1f2e7630edbc,https://ye.linkedin.com/jobs/view/%D9%85%D8%B3%D8%A7%D8%B9%D8%AF-%D9%84%D9%88%D8%AC%D8%B3%D8%AA%D9%8A-%D9%85%D8%AA%D8%AF%D8%B1%D8%A8-%D8%A9-logistics-intern-at-yemen-hr-consulting-4463150160,مساعد لوجستي (متدرب/ة) - Logistics Intern,,scraped,2026-09-08T01:19:25.574484,
3ef8c8e06390f3fe,https://ye.linkedin.com/jobs/view/lead-analyst-supply-analytics-bangkok-based-relocation-provided-at-agoda-4372107420,"Lead Analyst (Supply Analytics, Bangkok-based, Relocation provided)",,scraped,2026-09-08T01:19:33.738209,
fccf1581fe74d099,https://ye.linkedin.com/jobs/view/%D9%81%D9%86%D9%8A-%D9%86%D8%AC%D8%A7%D8%B1%D8%A9-at-national-university-of-sadat-city-4460793775,فني نجارة,National University of Sadat City,posted,2026-09-08T01:19:53.386406,310
249a319c448dfd81,https://ye.linkedin.com/jobs/view/technical-proposal-engineer-at-yemen-hr-consulting-4464690868,Technical Proposal Engineer,,scraped,2026-09-15T01:34:28.778783,
0c59eeb1986b9cf2,https://ye.linkedin.com/jobs/view/%D9%85%D8%B1%D8%A7%D8%AC%D8%B9-%D8%AD%D8%B3%D8%A7%D8%A8%D8%A7%D8%AA-at-yemen-hr-consulting-4465352708,مراجع حسابات,,scraped,2026-09-15T01:34:37.534722,
ad80a2cf5aa69c4b,https://ye.linkedin.com/jobs/view/hotel-general-manager-%D9%85%D8%AF%D9%8A%D8%B1-%D9%81%D9%86%D8%AF%D9%82-at-%D8%A8%D8%A7%D8%A8-%D8%A7%D9%84%D9%8A%D9%85%D9%86-%D9%88%D8%B8%D8%A7%D8%A6%D9%81-%D9%88%D9%81%D8%B1%D8%B5-%D9%84%D9%84%D9%8A%D9%85%D9%86%D9%8A%D9%8A%D9%86-4466782392,Hotel General Manager - مدير فندق,باب اليمن: وظائف وفرص لليمنيين,posted,2026-09-15T01:34:56.741868,312
779bd1817e8a4abc,https://ye.linkedin.com/jobs/view/protection-officer-at-danish-refugee-council-dansk-flygtningehj%C3%A6lp-4463897439,Protection Officer,,scraped,2026-09-15T01:34:59.265576,
13aee0c337ddf160,https://ye.linkedin.com/jobs/view/economic-recovery-officer-at-danish-refugee-council-dansk-flygtningehj%C3%A6lp-4463833307,Economic Recovery Officer,,scraped,2026-09-15T01:35:06.566764,
aebe6a4a9ab8d945,https://ye.linkedin.com/jobs/view/field-manager-shabwah-at-international-rescue-committee-4464454829,Field Manager - Shabwah,International Rescue Committee,posted,2026-09-15T01:35:22.993485,314
167d3ec97916db4c,https://ye.linkedin.com/jobs/view/meal-assistant-shabwa-at-save-the-children-international-4466779502,MEAL Assistant - Shabwa,,scraped,2026-09-15T01:35:25.560204,
66f1f6330cf2b951,https://ye.linkedin.com/jobs/view/emergency-specialist-no-3-ft-%23137008-aden-yemen-mena-at-unicef-4465030862,"Emergency Specialist (NO-3), FT, #137008, Aden - Yemen, MENA",اليونيسف,posted,2026-09-15T01:35:40.768211,316
c0efadac5f1ec09e,https://ye.linkedin.com/jobs/view/%D9%87%D9%8A%D8%A6%D8%A9-%D8%A7%D9%84%D8%B2%D9%83%D8%A7%D8%A9-%D8%AA%D9%88%D9%81%D8%B1-%D9%88%D8%B8%D8%A7%D8%A6%D9%81-%D8%AA%D9%82%D9%86%D9%8A%D8%A9-%D9%88%D9%82%D9%8A%D8%A7%D8%AF%D9%8A%D8%A9-%D9%81%D9%8A-%D8%A7%D9%84%D8%B1%D9%8A%D8%A7%D8%B6-at-%D9%88%D8%B8%D9%8A%D9%81%D8%AA%D9%83-%D8%A7%D9%84%D8%A3%D9%88%D9%84%D9%89-4464740738,هيئة الزكاة توفر وظائف تقنية وقيادية في الرياض,,scraped,2026-09-15T01:35:43.276561,
0e0db2ac57cb9063,https://ye.linkedin.com/jobs/view/%D8%A8%D9%86%D9%83-%D8%A7%D9%84%D8%AA%D8%B5%D8%AF%D9%8A%D8%B1-%D9%88%D8%A7%D9%84%D8%A7%D8%B3%D8%AA%D9%8A%D8%B1%D8%A7%D8%AF-%D9%8A%D8%B9%D9%84%D9%86-%D8%A8%D8%B1%D9%86%D8%A7%D9%85%D8%AC-%D8%AA%D8%AF%D8%B1%D9%8A%D8%A8-%D9%85%D9%86%D8%AA%D9%87%D9%8A-%D8%A8%D8%A7%D9%84%D8%AA%D9%88%D8%B8%D9%8A%D9%81-at-%D9%88%D8%B8%D9%8A%D9%81%D8%AA%D9%83-%D8%A7%D9%84%D8%A3%D9%88%D9%84%D9%89-4464724821,بنك التصدير والاستيراد يعلن برنامج تدريب منتهي بالتوظيف,,scraped,2026-09-15T01:35:49.889531,
499a4cfbc7ce7314,https://ye.linkedin.com/jobs/view/support-services-team-leader-at-danish-refugee-council-dansk-flygtningehj%C3%A6lp-4463076389,Support Services Team Leader,,scraped,2026-09-15T01:35:56.256309,
4df07f042ceb43b5,https://ye.linkedin.com/jobs/view/%D8%B5%D9%86%D8%AF%D9%88%D9%82-%D8%A7%D9%84%D8%AA%D9%86%D9%85%D9%8A%D8%A9-%D8%A7%D9%84%D8%B3%D9%8A%D8%A7%D8%AD%D9%8A-%D9%8A%D8%B7%D9%84%D9%82-%D8%A8%D8%B1%D9%86%D8%A7%D9%85%D8%AC%D8%A7-%D8%AA%D8%AF%D8%B1%D9%8A%D8%A8%D9%8A%D8%A7-%D9%84%D8%AD%D8%AF%D9%8A%D8%AB%D9%8A-%D8%A7%D9%84%D8%AA%D8%AE%D8%B1%D8%AC-%D8%A8%D8%A7%D9%84%D8%B1%D9%8A%D8%A7%D8%B6-at-%D9%88%D8%B8%D9%8A%D9%81%D8%AA%D9%83-%D8%A7%D9%84%D8%A3%D9%88%D9%84%D9%89-4464747730,صندوق التنمية السياحي يطلق برنامجا تدريبيا لحديثي التخرج بالرياض,,scraped,2026-09-15T01:36:02.428349,
82dc0358d7d7139a,https://ye.linkedin.com/jobs/view/%D9%85%D8%B3%D8%AA%D8%B4%D9%81%D9%89-%D8%A7%D9%84%D9%85%D9%84%D9%83-%D8%AE%D8%A7%D9%84%D8%AF-%D8%A7%D9%84%D8%AA%D8%AE%D8%B5%D8%B5%D9%8A-%D9%84%D9%84%D8%B9%D9%8A%D9%88%D9%86-%D9%8A%D9%88%D9%81%D8%B1-%D9%88%D8%B8%D9%8A%D9%81%D8%A9-%D8%A8%D8%A7%D9%84%D8%B1%D9%8A%D8%A7%D8%B6-at-%D9%88%D8%B8%D9%8A%D9%81%D8%AA%D9%83-%D8%A7%D9%84%D8%A3%D9%88%D9%84%D9%89-4463494988,مستشفى الملك خالد التخصصي للعيون يوفر وظيفة بالرياض,,scraped,2026-09-15T01:36:08.322056,
8aaf052a7a761776,https://ye.linkedin.com/jobs/view/client-support-specialist-ye-at-core-code-io-4467133683,Client Support Specialist YE,Core Code io,posted,2026-09-22T01:39:09.750042,318
fc48483201fb4bd4,https://ye.linkedin.com/jobs/view/%D9%85%D8%B3%D9%88%D9%82-%D8%B9%D9%82%D8%A7%D8%B1%D9%8A-at-%D8%B4%D8%B1%D9%83%D8%A9-%D8%A7%D9%84%D8%AE%D8%B6%D8%B1-%D9%84%D9%84%D8%B3%D9%8A%D8%A7%D8%B1%D8%A7%D8%AA-alkhedr-4466221032,مسوق عقاري,,scraped,2026-09-22T01:39:12.311799,
a43ec6485a729bb8,https://ye.linkedin.com/jobs/view/%D9%85%D8%AF%D9%8A%D8%B1-%D8%A5%D8%AF%D8%A7%D8%B1%D8%A9-%D8%A7%D9%84%D9%85%D9%88%D8%A7%D8%B1%D8%AF-%D8%A7%D9%84%D8%A8%D8%B4%D8%B1%D9%8A%D8%A9-at-%D8%A8%D8%A7%D8%A8-%D8%A7%D9%84%D9%8A%D9%85%D9%86-%D9%88%D8%B8%D8%A7%D8%A6%D9%81-%D9%88%D9%81%D8%B1%D8%B5-%D9%84%D9%84%D9%8A%D9%85%D9%86%D9%8A%D9%8A%D9%86-4468673844,مدير إدارة الموارد البشرية,باب اليمن: وظائف وفرص لليمنيين,posted,2026-09-22T01:39:26.587701,320
6d2ba8b26395d153,https://ye.linkedin.com/jobs/view/%D8%A7%D8%B3%D8%AA%D8%B4%D8%A7%D8%B1%D9%8A-%D8%AA%D8%A3%D8%AC%D9%8A%D8%B1-%D8%B3%D9%8A%D8%A7%D8%B1%D8%A7%D8%AA-at-%D8%B4%D8%B1%D9%83%D8%A9-%D8%A7%D9%84%D8%AE%D8%B6%D8%B1-%D9%84%D9%84%D8%B3%D9%8A%D8%A7%D8%B1%D8%A7%D8%AA-alkhedr-4465998427,استشاري تأجير سيارات,,scraped,2026-09-22T01:39:29.144991,
123e54b347abd42e,https://ye.linkedin.com/jobs/view/manual-mobile-qa-engineer-ios-android-at-csoft-limited-4466882869,Manual Mobile QA Engineer (iOS & Android),CSOFT LIMITED,posted,2026-09-22T01:39:42.786182,322
6677d54b08921602,https://ye.linkedin.com/jobs/view/icla-officer-at-yemen-shortlist-4469854247,ICLA Officer,,scraped,2026-09-22T01:39:45.242445,
b12260a9b92a12ca,https://ye.linkedin.com/jobs/view/%D8%B1%D8%A6%D9%8A%D8%B3-%D9%82%D8%B3%D9%85-%D8%A7%D9%84%D8%AD%D8%B3%D8%A7%D8%A8%D8%A7%D8%AA-at-%D8%A8%D8%A7%D8%A8-%D8%A7%D9%84%D9%8A%D9%85%D9%86-%D9%88%D8%B8%D8%A7%D8%A6%D9%81-%D9%88%D9%81%D8%B1%D8%B5-%D9%84%D9%84%D9%8A%D9%85%D9%86%D9%8A%D9%8A%D9%86-4468692321,رئيس قسم الحسابات,باب اليمن: وظائف وفرص لليمنيين,posted,2026-09-22T01:39:59.542407,324
eef3dd3f15ab6a96,https://ye.linkedin.com/jobs/view/icla-technical-assistant-amran-at-yemen-shortlist-4469848474,ICLA Technical Assistant - Amran,,scraped,2026-09-22T01:40:02.134731,
9eab357d1ab354a8,https://ye.linkedin.com/jobs/view/sales-manager-at-zoomlion-4469903340,Sales Manager,,scraped,2026-09-22T01:40:09.031710,
91ade489f6afc38e,https://ye.linkedin.com/jobs/view/finance-officer-partnerships-at-international-rescue-committee-4469801781,Finance Officer (Partnerships),International Rescue Committee,posted,2026-09-22T01:40:23.232413,326
03dcca69b4bd546d,https://ye.linkedin.com/jobs/view/face-deduplication-collection-yemen-at-telus-digital-ai-data-solutions-4468637579,Face Deduplication Collection (Yemen),TELUS Digital AI Data Solutions,posted,2026-09-22T01:40:32.712731,328
11c622784b341f33,https://ye.linkedin.com/jobs/view/%D8%A3%D8%AE%D8%B5%D8%A7%D8%A6%D9%8A-%D9%85%D8%A8%D9%8A%D8%B9%D8%A7%D8%AA-%D8%B9%D9%82%D8%A7%D8%B1%D9%8A%D8%A9-%D8%AF%D9%88%D8%A7%D9%85-%D8%AC%D8%B2%D8%A6%D9%8A-at-%D8%B1%D9%8A%D9%81%D8%A7-riva-4470226319,أخصائي مبيعات عقارية (دوام جزئي),,scraped,2026-09-22T01:40:35.254364,
6fd0e30c4b7c50a7,https://ye.linkedin.com/jobs/view/meal-intern-at-danish-refugee-council-dansk-flygtningehj%C3%A6lp-4466866813,MEAL Intern,,scraped,2026-09-22T01:40:43.965354,
4e1026051bdd9b09,https://ye.linkedin.com/jobs/view/%D9%85%D8%B4%D8%B1%D9%81-%D8%B9%D9%82%D8%A7%D8%B1%D9%8A-at-%D8%B4%D8%B1%D9%83%D8%A9-%D8%A7%D9%84%D8%AE%D8%B6%D8%B1-%D9%84%D9%84%D8%B3%D9%8A%D8%A7%D8%B1%D8%A7%D8%AA-alkhedr-4466206256,مشرف عقاري,,scraped,2026-09-22T01:40:51.005042,
e2861395b9bf6b29,https://ye.linkedin.com/jobs/view/%D9%85%D9%88%D8%B8%D9%81-%D8%A7%D8%B3%D8%AA%D9%82%D8%A8%D8%A7%D9%84-%D8%AA%D8%A3%D8%AC%D9%8A%D8%B1-%D8%B3%D9%8A%D8%A7%D8%B1%D8%A7%D8%AA-at-%D8%B4%D8%B1%D9%83%D8%A9-%D8%A7%D9%84%D8%AE%D8%B6%D8%B1-%D9%84%D9%84%D8%B3%D9%8A%D8%A7%D8%B1%D8%A7%D8%AA-alkhedr-4466213177,موظف استقبال تأجير سيارات,,scraped,2026-09-22T01:40:57.880233,
bd80ee64ddc5ba9c,https://ye.linkedin.com/jobs/view/%D9%85%D8%B3%D8%A4%D9%88%D9%84%D8%A9-%D8%AA%D8%AD%D8%B5%D9%8A%D9%84-at-%D8%B4%D8%B1%D9%83%D8%A9-%D8%A7%D9%84%D8%AE%D8%B6%D8%B1-%D9%84%D9%84%D8%B3%D9%8A%D8%A7%D8%B1%D8%A7%D8%AA-alkhedr-4466200390,مسؤولة تحصيل,,scraped,2026-09-22T01:41:04.745965,
9af7648a40efc5ac,https://ye.linkedin.com/jobs/view/icla-technical-assistant-at-yemen-shortlist-4469846553,ICLA Technical Assistant,,scraped,2026-09-22T01:41:11.274945,
59540bba35f89b4c,https://ye.linkedin.com/jobs/view/%D8%A7%D8%AE%D8%B5%D8%A7%D8%A6%D9%8A%D8%A9-%D9%85%D8%A8%D9%8A%D8%B9%D8%A7%D8%AA-at-%D8%B4%D8%B1%D9%83%D8%A9-%D8%A7%D9%84%D8%AE%D8%B6%D8%B1-%D9%84%D9%84%D8%B3%D9%8A%D8%A7%D8%B1%D8%A7%D8%AA-alkhedr-4467347029,اخصائية مبيعات,,scraped,2026-09-22T01:41:17.860463,
9bb52ff821dac27c,https://ye.linkedin.com/jobs/view/psychiatrist-at-yemen-hr-consulting-4468321196,Psychiatrist,,scraped,2026-09-22T01:41:24.379250,
0504ce7402c3e876,https://ye.linkedin.com/jobs/view/icla-technical-assistant-lawyer-hodeidah-at-yemen-shortlist-4469837871,ICLA Technical Assistant (Lawyer) - Hodeidah,,scraped,2026-09-22T01:41:32.309764,
b5f70327817210cb,https://ye.linkedin.com/jobs/view/site-supervisor-at-yemen-hr-consulting-4468325140,Site Supervisor,,scraped,2026-09-22T01:41:38.781041,
3722d5a10cdfb33b,https://ye.linkedin.com/jobs/view/icla-technical-assistant-lawyer-yemen-amran-national-at-norwegian-refugee-council-4469585521,ICLA Technical Assistant (Lawyer) Yemen Amran (National),,scraped,2026-09-22T01:41:46.507828,
c495416ec9c57dcc,https://ye.linkedin.com/jobs/view/icla-technical-assistant-lawyer-amran-at-yemen-hr-consulting-4469805157,ICLA Technical Assistant (Lawyer) - Amran,,scraped,2026-09-22T01:41:57.480932,
95dcd43dc79900e4,https://ye.linkedin.com/jobs/view/icla-technical-assistant-at-%D8%A8%D8%A7%D8%A8-%D8%A7%D9%84%D9%8A%D9%85%D9%86-%D9%88%D8%B8%D8%A7%D8%A6%D9%81-%D9%88%D9%81%D8%B1%D8%B5-%D9%84%D9%84%D9%8A%D9%85%D9%86%D9%8A%D9%8A%D9%86-4469807569,ICLA Technical Assistant,باب اليمن: وظائف وفرص لليمنيين,posted,2026-09-22T01:42:13.744439,330
8b49c1ad3ed308ec,https://ye.linkedin.com/jobs/view/senior-hr-officer-at-%D8%A8%D8%A7%D8%A8-%D8%A7%D9%84%D9%8A%D9%85%D9%86-%D9%88%D8%B8%D8%A7%D8%A6%D9%81-%D9%88%D9%81%D8%B1%D8%B5-%D9%84%D9%84%D9%8A%D9%85%D9%86%D9%8A%D9%8A%D9%86-4468683478,Senior HR Officer,باب اليمن: وظائف وفرص لليمنيين,posted,2026-09-22T01:42:23.383675,332
11f004e8dec4acb0,https://ye.linkedin.com/jobs/view/icla-technical-assistant-lawyer-hodeidah-at-%D8%A8%D8%A7%D8%A8-%D8%A7%D9%84%D9%8A%D9%85%D9%86-%D9%88%D8%B8%D8%A7%D8%A6%D9%81-%D9%88%D9%81%D8%B1%D8%B5-%D9%84%D9%84%D9%8A%D9%85%D9%86%D9%8A%D9%8A%D9%86-4469828005,ICLA Technical Assistant (Lawyer) - Hodeidah,باب اليمن: وظائف وفرص لليمنيين,posted,2026-09-22T01:42:32.957690,334
6dfcce5d5bd83cbf,https://ye.linkedin.com/jobs/view/%D9%85%D8%B5%D8%B1%D9%81-%D8%A7%D9%84%D8%B1%D8%A7%D8%AC%D8%AD%D9%8A-%D9%8A%D9%88%D9%81%D8%B1-%D9%88%D8%B8%D8%A7%D8%A6%D9%81-%D8%A5%D8%AF%D8%A7%D8%B1%D9%8A%D8%A9-%D9%88%D9%85%D8%B5%D8%B1%D9%81%D9%8A%D8%A9-%D9%81%D9%8A-%D8%A7%D9%84%D8%B1%D9%8A%D8%A7%D8%B6-at-%D9%88%D8%B8%D9%8A%D9%81%D8%AA%D9%83-%D8%A7%D9%84%D8%A3%D9%88%D9%84%D9%89-4467325601,مصرف الراجحي يوفر وظائف إدارية ومصرفية في الرياض,,scraped,2026-09-22T01:42:35.484891,
5011b8a543d62e82,https://ye.linkedin.com/jobs/view/%D9%85%D8%B3%D8%AA%D8%B4%D9%81%D9%89-%D8%AF%D9%84%D8%A9-%D9%8A%D9%88%D9%81%D8%B1-44-%D9%88%D8%B8%D9%8A%D9%81%D8%A9-%D8%A5%D8%AF%D8%A7%D8%B1%D9%8A%D8%A9-%D9%88%D8%B5%D8%AD%D9%8A%D8%A9-%D9%81%D9%8A-%D8%A7%D9%84%D8%B1%D9%8A%D8%A7%D8%B6-at-%D9%88%D8%B8%D9%8A%D9%81%D8%AA%D9%83-%D8%A7%D9%84%D8%A3%D9%88%D9%84%D9%89-4467357020,مستشفى دلة يوفر 44 وظيفة إدارية وصحية في الرياض,,scraped,2026-09-22T01:42:42.614880,
02eb573948fbdb38,https://ye.linkedin.com/jobs/view/project-assistant-cash-at-%D8%A8%D8%A7%D8%A8-%D8%A7%D9%84%D9%8A%D9%85%D9%86-%D9%88%D8%B8%D8%A7%D8%A6%D9%81-%D9%88%D9%81%D8%B1%D8%B5-%D9%84%D9%84%D9%8A%D9%85%D9%86%D9%8A%D9%8A%D9%86-4467486030,Project Assistant - Cash,باب اليمن: وظائف وفرص لليمنيين,posted,2026-09-22T01:42:56.179392,336
